tf,q,levels,trades,fill_sell,fill_buy,both_fill,net_bp,gross_bp,win,t,coins_pos,net_2324,net_2526,buy_bp,sell_bp,beats_band,ACCEPT
4h,0.3,model,107348,0.6557194850875693,0.6553530862991279,0.3357800630205916,-15.170759974481442,-1.1707599744814416,0.3911111525133212,-23.210131354591155,0,-16.0507620832725,-14.153502209510124,-11.674821201701581,-18.668653277967863,False,False
4h,0.3,ATR-band,109757,0.6733921199833899,0.6671022741151469,0.3684872615354552,-15.136566313293379,-1.1365663132933794,0.3955829696511384,-24.110535363411202,0,-15.779530727578209,-14.395102485363353,-11.584593786832587,-18.72202899649109,False,False
4h,0.5,model,76865,0.46954004738757665,0.46923471506387554,0.11241114829380297,-15.016599734654354,-1.0165997346543547,0.3791582644896897,-17.16799680098506,0,-15.72431549044774,-14.209372537093095,-10.33311945781085,-19.70312756503563,False,False
4h,0.5,ATR-band,78301,0.4797870001709861,0.4765260509538582,0.13691101394758054,-14.758084050699996,-0.7580840506999958,0.38601039578038593,-17.129343234253586,0,-15.332897265758188,-14.103896950311967,-10.009127228209538,-19.53953879644455,False,False
4h,0.7,model,47017,0.28572998851950465,0.28850240601871074,0.02564791519089377,-14.250384727082444,-0.25038472708244525,0.37475806623136315,-11.456816210012171,0,-15.898237084675914,-12.386767074842153,-8.208010750453811,-20.234693387789704,False,False
4h,0.7,ATR-band,47919,0.29194655463005936,0.2933022301472923,0.03590708126725128,-14.141939728267365,-0.14193972826736503,0.378409399194474,-11.374693339507887,0,-14.838640737982471,-13.35274009330835,-7.4644607948160315,-20.78855461168276,False,False
1h,0.3,model,422342,0.6492260743531254,0.6422053976039188,0.31310505941278277,-13.366418542851958,0.6335814571480406,0.32983222128038414,-74.1372531264683,0,-13.80834697335413,-12.851065811788237,-12.424011143474484,-14.319128468090748,True,False
1h,0.3,ATR-band,428538,0.6585706684931842,0.6518068457713877,0.3376193301002342,-13.383927769095312,0.6160722309046882,0.33337300309424134,-78.26023845053417,0,-13.754178127335875,-12.95468630272881,-12.381685111376699,-14.396570734366703,False,False
1h,0.5,model,298179,0.45990325164967555,0.4518643321489509,0.09023526605796339,-13.033883841812083,0.9661161581879172,0.3148813296711036,-53.44099363992779,0,-13.318624441795123,-12.707450539288317,-11.720901311635068,-14.370225066435628,True,False
1h,0.5,ATR-band,302135,0.46624815768391054,0.4576160276913104,0.11258462422867348,-13.300601547506558,0.6993984524934425,0.31838085623976037,-55.107224344353725,0,-13.526737173139287,-13.041963709083602,-12.095267150513848,-14.528672480306117,False,False
1h,0.7,model,179302,0.2762006396888397,0.27206651296195505,0.017463016077839,-12.655775290441051,1.3442247095589488,0.306984863526341,-37.8325571860569,0,-12.8708503957029,-12.413602221408272,-10.994120855361183,-14.34267902921553,True,False
1h,0.7,ATR-band,183636,0.2841936923989555,0.2773259049517787,0.027422225212057463,-13.003661329977646,0.9963386700223542,0.30981942538500074,-38.768257575681936,0,-13.400695317632167,-12.55356769198092,-11.59188699837308,-14.450397292860492,False,False
15m,0.3,model,1631933,0.6203831421141899,0.6280938752496865,0.2821612697654955,-12.991266818998382,1.008733181001619,0.242950537797814,-262.1607902294484,0,-13.2304175714718,-12.710345766154317,-12.638451554517413,-13.3397507813321,False,False
15m,0.3,ATR-band,1658430,0.6301495097307938,0.6385984964108637,0.3030641729762481,-12.968473265392765,1.031526734607234,0.24595732108078122,-279.0418909837312,0,-13.202231861663991,-12.694942216354972,-12.610569563040869,-13.321641717613458,False,False
15m,0.5,model,1138178,0.43334182516166986,0.43739801199413375,0.07308710091275679,-12.97694116528908,1.0230588347109189,0.22502982837482363,-191.65814042303577,0,-13.197224118892393,-12.720063447981104,-12.556687880449818,-13.393297253996854,True,False
15m,0.5,ATR-band,1159416,0.44044206469243136,0.4465454706806239,0.09081972154453352,-13.086977338000322,0.9130226619996781,0.2267624390210244,-205.39225649847347,0,-13.312970788028968,-12.824744287485974,-12.653954324085738,-13.514081771546993,False,False
15m,0.7,model,663970,0.25378479258900544,0.254171897556419,0.011584842927951809,-12.759888650647017,1.2401113493529823,0.21450517342651024,-138.73516507971433,0,-12.934306164606214,-12.559508448372934,-12.147140260095838,-13.371703822584976,True,False
15m,0.7,ATR-band,684495,0.25985683236442336,0.2638020899078063,0.019224428312520702,-12.959184863664305,1.040815136335695,0.21578828187203705,-138.53149672372922,0,-13.168014887018993,-12.717876936194354,-12.375611782730358,-13.534030393954229,False,False
