tf,signal,spearman
4h,R1 = Dn+CL,0.002405786408909137
4h,R2 = U+CH,0.002802456788311202
4h,S = (R1+R2)/2,0.002077393917225953
4h,"corr(R1,R2) (agreement)",0.7696665135597415
4h,"S | R1,R2 agree",0.005292171533538443
4h,"stage2 (outputs + entry candle), AUC",0.5091794325323813
4h,stage2 spearman vs return,0.01462639404902447
1h,R1 = Dn+CL,0.015272086307926654
1h,R2 = U+CH,0.011245355535203977
1h,S = (R1+R2)/2,0.014066175346226988
1h,"corr(R1,R2) (agreement)",0.763350616179106
1h,"S | R1,R2 agree",0.01512141341550839
1h,"stage2 (outputs + entry candle), AUC",0.5099120221115341
1h,stage2 spearman vs return,0.018572573052181154
