event,H,side,madj,n,days,mean_bp,med_bp,win,avg_win_bp,avg_loss_bp,payoff,t_day,pf
crash1h_z<-4,4,1,False,1788,232,62.31160253127716,22.470057708988428,0.5441834451901566,276.1497044934922,-192.98222962729372,1.4309592392357562,0.17142794923121357,1.7083721960446514
crash1h_z<-4,4,1,True,1788,232,-17.56372269342787,-26.52668594621988,0.40883668903803133,141.9503203679732,-127.88043553910828,1.1100237481171393,-1.7430703516612172,0.7676701607129885
crash1h_z<-4,4,-1,False,1788,232,-92.31160253127717,-52.47005770898843,0.3987695749440716,188.36719954433113,-278.47344986142485,0.6764278592378097,-1.6274779058012276,0.4486447103595892
crash1h_z<-4,4,-1,True,1788,232,-12.436277306572132,-3.4733140537801153,0.48769574944071586,121.81775864932335,-140.24142943925867,0.8686289004354809,0.05865569310757942,0.8269043681001521
crash1h_z<-4,24,1,False,1788,232,63.53659882598458,-16.616775339889482,0.4854586129753915,688.2264721842664,-525.844716472916,1.3088017253468285,-0.9126714913070378,1.234825975653312
crash1h_z<-4,24,1,True,1788,232,-29.487546643817087,-48.40584394413731,0.43288590604026844,319.52052036500083,-295.8901540055774,1.079861955659998,-2.9499938231344682,0.8242733271014184
crash1h_z<-4,24,-1,False,1788,232,-93.53659882598458,-13.383224660110516,0.49161073825503354,519.7258882961875,-686.5593999045207,0.7570006154871165,0.25454593985940716,0.7320170968241754
crash1h_z<-4,24,-1,True,1788,232,-0.5124533561829264,18.405843944137313,0.5251677852348994,288.3988616559862,-320.0504095357198,0.9011044918653633,2.1343849135546997,0.9966279362327163
crash1h_z<-4,72,1,False,1788,232,62.26243681799942,-69.70975889387009,0.4714765100671141,1011.3701901572501,-784.401939970348,1.2893519745699276,-0.6571841700336589,1.1501838249338086
crash1h_z<-4,72,1,True,1788,232,-38.43590214025978,-68.11959447735629,0.4312080536912752,531.2528778483044,-470.3238562908821,1.1295469509837905,-2.053345348557062,0.8563232047281244
crash1h_z<-4,72,-1,False,1788,232,-92.26243681799944,39.7097588938701,0.5184563758389261,769.3730983297334,-1019.9466889456976,0.7543267767504809,0.2110649817946621,0.8121497352470334
crash1h_z<-4,72,-1,True,1788,232,8.435902140259767,38.119594477356294,0.5380313199105146,466.2659184737711,-524.7753275362994,0.8885057928747971,1.4668074575772887,1.034797303566047
crash1h_z<-4 & OIflush,4,1,False,639,131,124.74797058335113,114.07317173866836,0.6776212832550861,306.40203544421763,-257.0782919640043,1.1918627321793456,0.4607632174463413,2.5052260341439645
crash1h_z<-4 & OIflush,4,1,True,639,131,-13.21526027399901,-24.395133165968065,0.4397496087636933,164.35310856340527,-152.59154978045322,1.0770787032432296,-0.9960767265230531,0.8454165240540433
crash1h_z<-4 & OIflush,4,-1,False,639,131,-154.74797058335113,-144.07317173866835,0.29107981220657275,252.93796591317545,-322.14219616470643,0.7851748976835438,-1.4058703459202506,0.3223896930886074
crash1h_z<-4 & OIflush,4,-1,True,639,131,-16.784739726001,-5.604866834031936,0.48513302034428796,143.60824233895252,-167.91490519753773,0.855244161737813,-0.07556118525725965,0.8058531615158725
crash1h_z<-4 & OIflush,24,1,False,639,131,133.3029345409564,32.77740120835158,0.5242566510172144,766.2043008506905,-564.1377158332574,1.3581866259712339,-0.9608463685957105,1.4966859200669849
crash1h_z<-4 & OIflush,24,1,True,639,131,-8.333411737475481,-66.25585015148145,0.42566510172143973,412.75806325907223,-320.42300628532547,1.2881661277827399,-2.7188558994752277,0.9547171301278072
crash1h_z<-4 & OIflush,24,-1,False,639,131,-163.3029345409564,-62.777401208351584,0.45539906103286387,558.7058261232185,-767.0516395791026,0.7283809815331235,0.43431322882405726,0.6090772000751119
crash1h_z<-4 & OIflush,24,-1,True,639,131,-21.666588262524527,36.255850151481454,0.5414710485133021,309.1602868489427,-412.3358674043937,0.7497778177655772,2.0113365586541327,0.8854031568153232
crash1h_z<-4 & OIflush,72,1,False,639,131,324.6576628257895,156.19241603130985,0.5367762128325508,1255.8249920840103,-754.3639383078921,1.6647468526941276,-0.2973857037520239,1.9290816570070466
crash1h_z<-4 & OIflush,72,1,True,639,131,-10.902100244392251,-95.64562413877069,0.4350547730829421,666.045644375821,-532.2081196472157,1.2514759166344964,-2.0453551169766624,0.9637404565772577
crash1h_z<-4 & OIflush,72,-1,False,639,131,-354.6576628257895,-186.19241603130985,0.4538341158059468,739.6158723498622,-1263.939396925901,0.585167195633528,-0.04066884859364767,0.48624208233158484
crash1h_z<-4 & OIflush,72,-1,True,639,131,-19.09789975560776,65.6456241387707,0.5477308294209703,518.3052856433096,-669.9322073321512,0.7736682607145275,1.6038750287419459,0.9369684818342028
crash1h_z<-4 & OIup,4,1,False,390,135,41.81597092620345,12.671356610329475,0.5256410256410257,325.05388925853265,-272.04226290151263,1.1948654072775882,-0.11440545147539706,1.3240400459021924
crash1h_z<-4 & OIup,4,1,True,390,135,-26.64400344150175,-27.808192379624156,0.41794871794871796,177.64169580392846,-173.33373461773573,1.0248535646894896,-1.3885257510097158,0.7359080662748316
crash1h_z<-4 & OIup,4,-1,False,390,135,-71.81597092620345,-42.67135661032947,0.39487179487179486,293.60831171374906,-310.27079942854544,0.9462969517418809,-0.8084528817334368,0.6174988583400409
crash1h_z<-4 & OIup,4,-1,True,390,135,-3.355996558498263,-2.191807620375841,0.49230769230769234,172.28081739963204,-173.67048282092765,0.9919982636155362,0.2972819934632442,0.9619377101726412
crash1h_z<-4 & OIup,24,1,False,390,135,127.6035473765199,42.6286312726969,0.5358974358974359,837.3588484540616,-691.9481538677131,1.2101468061928642,-0.6881800226021436,1.3973518369851303
crash1h_z<-4 & OIup,24,1,True,390,135,-87.24587771624867,-39.1521750130956,0.4461538461538462,320.18553581689764,-415.4545163957276,0.7706873392415245,-2.131653796668521,0.6208314677223392
crash1h_z<-4 & OIup,24,-1,False,390,135,-157.6035473765199,-72.62863127269691,0.45384615384615384,677.288534896298,-851.3871087018194,0.7955118511590057,0.2937348884013003,0.661059143920864
crash1h_z<-4 & OIup,24,-1,True,390,135,57.24587771624865,9.152175013095606,0.5102564102564102,419.5920539078202,-320.27710166659284,1.3100907049690171,1.6057718732451727,1.3649636140776669
crash1h_z<-4 & OIup,72,1,False,390,135,64.4125712824357,-4.891125478477868,0.49743589743589745,960.0368556446175,-822.0726897699276,1.16782477704411,-0.36685517845422366,1.1559081976865169
crash1h_z<-4 & OIup,72,1,True,390,135,-85.92565797715187,-103.04971310942994,0.4128205128205128,552.5379376155397,-534.8018103370792,1.0331639252815572,-1.4538364938009898,0.7263728907001342
crash1h_z<-4 & OIup,72,-1,False,390,135,-94.41257128243575,-25.108874521522132,0.49230769230769234,808.9203209983013,-970.3717395546656,0.8336190018987368,0.07778024648612508,0.8083578200230175
crash1h_z<-4 & OIup,72,-1,True,390,135,55.92565797715184,73.04971310942996,0.5538461538461539,535.9425291920776,-539.9573545655147,0.9925645509974251,1.0395929878705519,1.232149097789907
pump1h_z>4,4,1,False,1511,331,26.107277182908366,-2.1664980128403974,0.49702183984116477,295.0194888752948,-239.6204477920683,1.2311949651780107,-0.8416458670446261,1.2166150248009027
pump1h_z>4,4,1,True,1511,331,-19.038447900079422,-37.88119518110724,0.39510258107213764,244.82057013045625,-191.38399906444462,1.2792112785145533,-0.5018658769881582,0.8355460976730724
pump1h_z>4,4,-1,False,1511,331,-56.10727718290838,-27.833501987159604,0.45334215751158174,234.1032044175826,-296.7781971542599,0.7888153734416684,-0.7713437691210924,0.6541628702270496
pump1h_z>4,4,-1,True,1511,331,-10.961552099920583,7.881195181107235,0.5228325612177366,189.09037455633813,-230.15853137654247,0.8215657852238538,-1.2687986021936155,0.9001899727140701
pump1h_z>4,24,1,False,1508,330,19.709659405218343,-65.15813108573899,0.4608753315649867,629.2008973940897,-501.319135677519,1.2550905254070184,-2.0424358989154747,1.0729248648928384
pump1h_z>4,24,1,True,1508,330,-48.32513357248309,-97.38669424723335,0.3740053050397878,496.4976048218736,-373.8336340538572,1.3281244906667347,-1.3959454005214336,0.7934981067119049
pump1h_z>4,24,-1,False,1508,330,-49.70965940521837,35.15813108573899,0.5238726790450928,485.58162822538463,-638.6791820071353,0.7602903647170385,1.1887978450674999,0.8365311812346244
pump1h_z>4,24,-1,True,1508,330,18.325133572483086,67.38669424723335,0.5901856763925729,365.57282248051894,-481.7564896122288,0.7588332079859944,0.34718204857027724,1.0928180503358171
pump1h_z>4,72,1,False,1507,330,44.9191020377039,-44.37100330115337,0.48307896483078966,954.3028687207247,-804.9286285723592,1.185574515362063,-1.0526237869637474,1.1079566716092193
pump1h_z>4,72,1,True,1507,330,-51.074361837453225,-147.9498936463122,0.3855341738553417,792.8540806774674,-580.5802204780243,1.3656236514992985,-0.4663230327559353,0.8568329822042035
pump1h_z>4,72,-1,False,1507,330,-74.91910203770395,14.371003301153367,0.5049767750497678,793.5998529442305,-960.9015748812055,0.825890885903004,0.5205102482941767,0.8424972710082923
pump1h_z>4,72,-1,True,1507,330,21.07436183745321,117.94989364631222,0.5879230258792303,576.0518360873265,-770.7292487670358,0.7474114119956626,-0.2525702422232493,1.0663550902224752
pump1h_z>4 & OIflush,4,1,False,90,46,34.711667230294815,-7.823236215763836,0.4888888888888889,418.7394300928988,-332.6192363774133,1.2589152529283285,-0.23538975635459494,1.2041798071488359
pump1h_z>4 & OIflush,4,1,True,90,46,-50.31457027140746,-28.829640867752467,0.4111111111111111,241.79258699293587,-254.2384347767037,0.9510465528365176,-0.9850000022282507,0.6639381595273802
pump1h_z>4 & OIflush,4,-1,False,90,46,-64.71166723029482,-22.17676378423616,0.4777777777777778,324.88407053413874,-421.1503209296703,0.771420688501369,-0.17400807004139035,0.705767863948061
pump1h_z>4 & OIflush,4,-1,True,90,46,20.31457027140744,-1.1703591322475333,0.5,267.09302026447597,-226.46387972166104,1.17940671418661,0.5484739158637398,1.17940671418661
pump1h_z>4 & OIflush,24,1,False,90,46,372.1598066774828,369.8523129873653,0.6888888888888889,861.5818900699946,-711.5605208345081,1.2108343069111587,0.33777189276993597,2.6811331081604224
pump1h_z>4 & OIflush,24,1,True,90,46,14.474323135611666,-53.66588347519102,0.43333333333333335,672.3998429005383,-488.645191978744,1.3760492355970784,-0.4279421044340712,1.052272944868354
pump1h_z>4 & OIflush,24,-1,False,90,46,-402.1598066774828,-399.85231298736534,0.28888888888888886,735.339957291001,-864.2690857896793,0.8508229316325989,-0.545383841745317,0.34564681597574326
pump1h_z>4 & OIflush,24,-1,True,90,46,-44.474323135611655,23.665883475191027,0.5222222222222223,498.96435059081034,-638.4654316272824,0.7815056632260887,0.18305185216439968,0.8542038644564226
pump1h_z>4 & OIflush,72,1,False,90,46,545.0262508053801,459.367307512073,0.7,1241.7015371556492,-1080.549417345248,1.149139055765102,0.9558358181413226,2.6813244634519044
pump1h_z>4 & OIflush,72,1,True,90,46,55.37997853203429,-148.50489123112476,0.4111111111111111,1148.0584845831345,-707.4333181451486,1.6228504583206242,0.3617592177797521,1.1329333388276055
pump1h_z>4 & OIflush,72,-1,False,90,46,-575.02625080538,-489.367307512073,0.28888888888888886,1091.6274323763855,-1252.1043095979724,0.8718342585426346,-1.0447687815621414,0.3541826675329453
pump1h_z>4 & OIflush,72,-1,True,90,46,-85.3799785320342,118.50489123112476,0.5888888888888889,677.4333181451491,-1178.0584845831343,0.5750421791536643,-0.45488331751598376,0.8237090674363299
pump1h_z>4 & OIup,4,1,False,702,293,15.947750512768943,-42.5815615857656,0.4444444444444444,384.7167281786313,-279.06743161992097,1.3785798147259283,0.4759504145839227,1.1028638517807428
pump1h_z>4 & OIup,4,1,True,702,293,3.7879323672202636,-42.81450821370602,0.4202279202279202,353.6490382731236,-249.7968986947982,1.4157463127883423,1.201241159568133,1.0261551898588723
pump1h_z>4 & OIup,4,-1,False,702,293,-45.947750512768955,12.581561585765597,0.5142450142450142,270.1260537824902,-380.55960784587324,0.7098127289743564,-1.7504537744681794,0.7514439740754917
pump1h_z>4 & OIup,4,-1,True,702,293,-33.78793236722028,12.814508213706016,0.5313390313390314,241.45408506010924,-345.84043236841757,0.6981661554334763,-2.584518742219329,0.7915379209017831
pump1h_z>4 & OIup,24,1,False,700,293,4.206520339902056,-146.08488846485199,0.41714285714285715,779.5577121322212,-550.7016855506794,1.4155716835198993,-1.118918397025062,1.0131052244799277
pump1h_z>4 & OIup,24,1,True,700,293,-35.96768711875808,-151.4188747179695,0.3628571428571429,721.3570057167166,-467.2691938008444,1.5437718028211533,-0.7318772297931416,0.8791884258219126
pump1h_z>4 & OIup,24,-1,False,700,293,-34.20652033990207,116.08488846485199,0.5742857142857143,528.7907785166824,-793.6860979920731,0.6662467439639641,0.4071919849382936,0.8987623861527301
pump1h_z>4 & OIup,24,-1,True,700,293,5.967687118758052,121.41887471796949,0.6171428571428571,452.12241980873176,-713.2071058740353,0.6339286528204956,-0.09459381201273426,1.0218551418599033
pump1h_z>4 & OIup,72,1,False,700,293,17.373799985349507,-162.7414203939046,0.44857142857142857,1164.4881941592719,-915.7710698867011,1.2715931223983108,-0.7375619016804342,1.0344047679613202
pump1h_z>4 & OIup,72,1,True,700,293,-60.86208963886611,-245.57223686191767,0.38285714285714284,1049.3264278107297,-749.5901513900042,1.3998668817418545,-0.511011474298837,0.8684359358954097
pump1h_z>4 & OIup,72,-1,False,700,293,-47.37379998534951,132.74142039390463,0.54,904.7767002169844,-1165.1156915272197,0.7765552440813959,0.29124662620084835,0.9116083300085952
pump1h_z>4 & OIup,72,-1,True,700,293,30.862089638866088,215.57223686191765,0.6042857142857143,735.1857938908123,-1044.6936031357666,0.7037334120588741,-0.04278639221960793,1.0746542718444179
crash24_z<-3,4,1,False,656,85,78.2181274254539,26.572660059433552,0.5350609756097561,352.65120957676714,-237.6048621978607,1.484191890328843,0.21729969087122764,1.7080372246079472
crash24_z<-3,4,1,True,656,85,-18.213040272979796,-22.70508548400462,0.4222560975609756,139.84418903880461,-133.73244006022063,1.045701319558903,-1.5773776409644273,0.7642724683847392
crash24_z<-3,4,-1,False,656,85,-108.21812742545391,-56.57266005943355,0.4146341463414634,234.84556320653905,-351.22157495644893,0.668653579255943,-0.9570985961469174,0.47362961863962627
crash24_z<-3,4,-1,True,656,85,-11.786959727020214,-7.294914515995382,0.4725609756097561,130.1192447177354,-138.92835677289952,0.9365924116588811,0.6465561874904715,0.8391434902146044
crash24_z<-3,24,1,False,656,85,8.995515029975838,-46.05209354774318,0.4679878048780488,788.7588455946247,-676.9281024008186,1.1652032805214956,-1.6880304700717819,1.0249782438971322
crash24_z<-3,24,1,True,656,85,-65.34144477859876,-50.17009616579058,0.4176829268292683,273.8433640226333,-308.6310720339328,0.8872838441637052,-2.9284199936611746,0.6364287259184692
crash24_z<-3,24,-1,False,656,85,-38.99551502997584,16.052093547743176,0.5091463414634146,676.8008884693232,-781.4675608957085,0.8660639575282977,1.360321257066807,0.8983396329641349
crash24_z<-3,24,-1,True,656,85,35.34144477859873,20.170096165790582,0.5365853658536586,303.8648073961413,-275.58034351539794,1.1026359990699517,2.483469718719819,1.2767364199757336
crash24_z<-3,72,1,False,656,85,2.762415652806051,-152.7996740419365,0.45884146341463417,874.040543327219,-735.983264431696,1.1875820899298934,-0.5683839418367447,1.0069358001940787
crash24_z<-3,72,1,True,656,85,-42.05921928508413,-45.13782884321032,0.4557926829268293,437.30148059885255,-443.54058977611226,0.9859333974813691,-1.2291794386243422,0.8257537418681494
crash24_z<-3,72,-1,False,656,85,-32.762415652806105,122.7996740419365,0.5365853658536586,712.1073949901452,-895.243249028855,0.7954345321929291,0.33156154428574897,0.9210294583286548
crash24_z<-3,72,-1,True,656,85,12.059219285084128,15.137828843210325,0.5198170731707317,433.4753886688199,-444.14050693667434,0.9759870624244253,0.9241645720552207,1.0565447247197748
crash24_z<-3 & OIflush24,4,1,False,223,33,130.04184774778693,78.3692815513617,0.5919282511210763,400.25617308293494,-261.91739339770254,1.5281771397105155,1.7035400287250775,2.2166965103493195
crash24_z<-3 & OIflush24,4,1,True,223,33,8.15496990822691,-10.520869535288039,0.4618834080717489,156.8785221146211,-119.4994124022614,1.3127974352420526,-0.22247928576818723,1.1268177985827617
crash24_z<-3 & OIflush24,4,-1,False,223,33,-160.04184774778693,-108.36928155136168,0.37668161434977576,252.52515115316635,-409.36291183181635,0.616873546319004,-2.3207221679450996,0.3727868913006931
crash24_z<-3 & OIflush24,4,-1,True,223,33,-38.15496990822692,-19.47913046471196,0.4349775784753363,114.4785812431146,-155.65857674695806,0.735446665616206,-0.9673137206408893,0.5661771949585078
crash24_z<-3 & OIflush24,24,1,False,223,33,-4.709632799852469,-39.987506246877714,0.4798206278026906,984.9710659903594,-917.6047601322032,1.0734153840357699,0.08670937980554962,0.9901331559640293
crash24_z<-3 & OIflush24,24,1,True,223,33,-14.645410648200206,-41.36937960673685,0.43946188340807174,324.3243273608427,-280.39768524728987,1.156658362121687,-1.9848524229952929,0.9068201559034028
crash24_z<-3 & OIflush24,24,-1,False,223,33,-25.290367200147394,9.987506246877716,0.5067264573991032,911.5071207507578,-987.6368775497141,0.9229172598457128,-0.3248796165321415,0.9480877305687777
crash24_z<-3 & OIflush24,24,-1,True,223,33,-15.354589351799817,11.369379606736853,0.515695067264574,273.2796276117074,-322.6965796370158,0.8468624858655306,1.4739966384798455,0.9017517210605186
crash24_z<-3 & OIflush24,72,1,False,223,33,210.056765050212,120.87982628551904,0.5246636771300448,1055.1389459098161,-722.7226232570868,1.4599500720686343,0.9709897219592007,1.6114543248304738
crash24_z<-3 & OIflush24,72,1,True,223,33,55.29550325163783,-22.06046004162117,0.4977578475336323,473.4552729117469,-359.13069703650604,1.3183369642824478,-0.7218183865397932,1.3065660985299261
crash24_z<-3 & OIflush24,72,-1,False,223,33,-240.05676505021216,-150.87982628551902,0.47533632286995514,692.7226232570866,-1085.1389459098161,0.638372280221023,-1.1506033245031697,0.5783543735335764
crash24_z<-3 & OIflush24,72,-1,True,223,33,-85.29550325163784,-7.939539958378831,0.49327354260089684,335.22608473852847,-494.65280129516253,0.677699760035316,0.5142980912153811,0.6597077310078298
pump24_z>3,4,1,False,550,207,-16.15149060835653,-37.580851341599946,0.44181818181818183,326.4285086847178,-287.31416105857505,1.1361379038263573,-0.6554929017883118,0.8992883082404066
pump24_z>3,4,1,True,550,207,-20.100145837600028,-34.81591863670188,0.42,294.99848787005544,-248.27501852245396,1.1881923909447853,-0.30328081916615374,0.8604151796496721
pump24_z>3,4,-1,False,550,207,-13.84850939164349,7.580851341599947,0.5018181818181818,288.06035060741334,-317.96108369726284,0.9059610291229271,-0.42449905321133985,0.9125738833501018
pump24_z>3,4,-1,True,550,207,-9.899854162399986,4.815918636701884,0.509090909090909,250.72483868491273,-280.177313411465,0.8948791593154484,-0.8519523037100929,0.9280228318826872
pump24_z>3,24,1,False,549,206,46.51838617076773,-82.17564418031131,0.44808743169398907,775.4150336333529,-545.2590899869746,1.4221038179333725,-0.5053281599129948,1.154579337332045
pump24_z>3,24,1,True,549,206,-9.132271715816678,-132.2352532032481,0.38979963570127507,748.5653546462696,-493.15403900383603,1.5179138675582193,-0.00036251707973130394,0.9696524407685342
pump24_z>3,24,-1,False,549,206,-76.51838617076776,52.175644180311316,0.5264116575591985,541.0006997470498,-762.9146009024957,0.7091235363788672,0.04149424569007946,0.7882180846672792
pump24_z>3,24,-1,True,549,206,-20.867728284183325,102.23525320324812,0.5883424408014571,480.9663169133196,-738.0907220841543,0.6516357712168636,-0.5180587848164899,0.9313201508984378
pump24_z>3,72,1,False,549,206,57.400042249461336,-89.05462184873987,0.46265938069216755,1177.2212966797229,-906.7850378362554,1.2982363488140196,0.2021993918058438,1.117803500334783
pump24_z>3,72,1,True,549,206,-8.127024029075304,-188.0437050428703,0.40437158469945356,1110.4912234671829,-767.555925999012,1.4467886780000083,0.3599696961467521,0.9822235061651433
pump24_z>3,72,-1,False,549,206,-87.40004224946131,59.05462184873988,0.5209471766848816,904.642253078344,-1166.198888119242,0.7757186722560532,-0.45476890660428293,0.8435571873202707
pump24_z>3,72,-1,True,549,206,-21.872975970924717,158.04370504287027,0.5737704918032787,766.3514749892379,-1082.9443522634515,0.7076554519052564,-0.6356754068864128,0.952613108333999
pump24_z>3 & OIup24,4,1,False,320,186,-20.675959762748956,-47.83267162895866,0.434375,385.8914883773147,-332.9017901023558,1.159175167723389,-0.15029691619852692,0.8901952945500058
pump24_z>3 & OIup24,4,1,True,320,186,-24.99587237061901,-41.681360925215216,0.415625,361.57281224983456,-299.935097261102,1.2055035090977537,-0.28632712651969355,0.8573901963101671
pump24_z>3 & OIup24,4,-1,False,320,186,-9.324040237251058,17.832671628958664,0.5125,335.9731092143355,-372.32873581455993,0.9023561087201942,-0.7969133086782996,0.9486307809622554
pump24_z>3 & OIup24,4,-1,True,320,186,-5.004127629381016,11.681360925215218,0.528125,300.1358489524876,-346.5184060554459,0.8661469166069734,-0.7276157309393281,0.9693962179243608
pump24_z>3 & OIup24,24,1,False,320,186,30.817639674203626,-122.96861078574823,0.421875,971.5984660344571,-655.6980984805759,1.4817771597720126,-0.2678710290072785,1.0812968463201171
pump24_z>3 & OIup24,24,1,True,320,186,-6.961174546024235,-197.25841723316435,0.390625,957.8285479175485,-625.4161248431863,1.5315060003572976,-0.09873675041731668,0.9817346156136523
pump24_z>3 & OIup24,24,-1,False,320,186,-60.81763967420361,92.96861078574824,0.559375,647.2520616154993,-959.7146363469474,0.674421371835274,-0.12230130840369446,0.8561803231100287
pump24_z>3 & OIup24,24,-1,True,320,186,-23.038825453975758,167.25841723316432,0.596875,608.3107136034829,-957.8276778568796,0.6350941068695842,-0.33167925269114773,0.9403331349774466
pump24_z>3 & OIup24,72,1,False,320,186,37.999279197759314,-172.72498387391533,0.45,1457.34054120922,-1123.2799351752542,1.297397465736665,-0.08690895540101076,1.0615070174209078
pump24_z>3 & OIup24,72,1,True,320,186,-31.85069651175096,-304.32622455320717,0.390625,1413.1217634265458,-958.115093908095,1.4748977157457206,-0.08739787041456319,0.9454472536831543
pump24_z>3 & OIup24,72,-1,False,320,186,-67.9992791977593,142.72498387391533,0.534375,1125.6120004890322,-1437.8484659523992,0.7828446648885573,-0.13492091233203926,0.8984324677580088
pump24_z>3 & OIup24,72,-1,True,320,186,1.8506965117509462,274.3262245532071,0.6,943.067539316721,-1409.974567695704,0.6688542906543054,-0.15904255769828907,1.003281435981458
pump24_z>3 & OIdown24,4,1,False,32,22,-62.25999715313217,-95.80955771529884,0.34375,243.68767300448766,-222.5183005690283,1.0951354220364105,-1.746292612749937,0.573642363923834
pump24_z>3 & OIdown24,4,1,True,32,22,-44.68354308118601,-57.05498014760116,0.375,245.7952965551229,-218.97084686297134,1.1225023790903905,-1.0639145462017099,0.6735014274542344
pump24_z>3 & OIdown24,4,-1,False,32,22,32.259997153132154,65.80955771529885,0.59375,215.2230628903783,-235.14756046284293,0.9152681085304603,1.2361418080412234,1.3376995432368266
pump24_z>3 & OIdown24,4,-1,True,32,22,14.68354308118599,27.05498014760116,0.59375,199.4284429034545,-255.3282335821296,0.7810669431483213,0.6639536995332178,1.1415593784475464
pump24_z>3 & OIdown24,24,1,False,32,22,-84.94136751674662,-91.77778164058074,0.40625,371.2582894404184,-397.0779749084913,0.9349757803262114,-1.2784949653509181,0.6397202707495132
pump24_z>3 & OIdown24,24,1,True,32,22,-200.40408272421547,-135.2421853728281,0.28125,280.8545332112111,-388.7226715685128,0.7225061817926671,-2.2393662568241677,0.28271981026669585
pump24_z>3 & OIdown24,24,-1,False,32,22,54.94136751674663,61.777781640580734,0.53125,412.45144933568935,-350.2367252113884,1.1776362090147763,1.0324682835675791,1.3346543702167464
pump24_z>3 & OIdown24,24,-1,True,32,22,170.40408272421544,105.2421853728281,0.71875,358.72267156851274,-310.85453321121116,1.1539888701728451,1.9829370832748168,2.9490826682194933
pump24_z>3 & OIdown24,72,1,False,32,22,-21.029398974603126,-318.48099038349534,0.34375,1528.794955908208,-832.842156294171,1.835635893733767,0.04704982463674321,0.9615235633843541
pump24_z>3 & OIdown24,72,1,True,32,22,-25.580633277305225,-186.72854071151593,0.3125,1337.2271087939112,-645.0386978551309,2.0730959448486277,-0.0022412313380622538,0.9423163385675581
pump24_z>3 & OIdown24,72,-1,False,32,22,-8.9706010253969,288.4809903834953,0.625,843.2645875985759,-1429.362582065352,0.5899584879157141,-0.10267391076890532,0.9832641465261903
pump24_z>3 & OIdown24,72,-1,True,32,22,-4.419366722694887,156.72854071151596,0.5625,754.3730940239551,-980.0096733969591,0.7697608651240238,-0.05646580451937934,0.9896925408737447
retail_long_z>2,4,1,False,1179,279,-23.644019202541774,-19.82796803653141,0.457167090754877,160.73089316138777,-178.9222657090387,0.8983280673561694,-0.9677411338022713,0.756560669226524
retail_long_z>2,4,1,True,1179,279,-15.871532181172109,-22.390256023682497,0.3994910941475827,95.3804821391756,-89.88240611462373,1.0611696578031118,-2.9006566490451715,0.705947611335121
retail_long_z>2,4,-1,False,1179,279,-6.355980797458234,-10.172031963468593,0.4715860899067006,173.54565529041153,-166.91024992242706,1.039754331271257,-1.887935805986461,0.9279348446016353
retail_long_z>2,4,-1,True,1179,279,-14.128467818827893,-7.609743976317502,0.457167090754877,83.18507888965614,-96.0847204373793,0.8657472125744471,-1.9295755951352076,0.7291214805900422
retail_long_z>2,24,1,False,1178,279,-44.93632733022229,-43.15733998594779,0.45840407470288624,420.9278150956877,-439.24140085685457,0.9583063305839534,0.2182191437567162,0.81110567165413
retail_long_z>2,24,1,True,1178,279,-23.30810631309486,-41.568715100615655,0.4227504244482173,249.81778048732733,-223.33265282281585,1.1185904852235102,-1.498082808969604,0.8192030318254531
retail_long_z>2,24,-1,False,1178,279,14.936327330222284,13.157339985947788,0.5161290322580645,430.1394470086292,-427.947000326745,1.0051231733841113,-1.240522181075001,1.0721313849430518
retail_long_z>2,24,-1,True,1178,279,-6.691893686905148,11.568715100615657,0.5212224108658744,215.6992881785042,-248.79860585953165,0.8669634117655993,-0.4672700529040283,0.9438218702554574
retail_long_z>2,72,1,False,1177,278,-61.28086621250814,-77.75975191281438,0.4570943075615973,815.9805659995616,-799.8828232236091,1.0201251262167088,-0.2089450510393687,0.8588846915564778
retail_long_z>2,72,1,True,1177,278,-28.52199340913053,-79.82434957396863,0.40696686491079015,477.6898394886346,-375.9080506555911,1.2707624608079928,-0.7237077404679898,0.8720561872880067
retail_long_z>2,72,-1,False,1177,278,31.280866212508073,47.759751912814366,0.5250637213254036,796.4924667166183,-814.6954649351486,0.9776566839978921,-0.3370549360985045,1.0808440620942708
retail_long_z>2,72,-1,True,1177,278,-1.4780065908694817,49.82434957396864,0.5556499575191164,370.0668950519776,-466.086736369879,0.7939871834462554,-0.3117335977898677,0.992863514290346
retail_short_z<-2,4,1,False,1807,374,10.610736885404437,-13.363556766961544,0.47149972329828443,247.98707379422987,-201.16375426257383,1.2327622076019658,-1.762179752488764,1.0998046082480364
retail_short_z<-2,4,1,True,1807,374,-3.938224429616547,-20.083009534549188,0.4333148865522966,179.20034262554378,-143.97484357433387,1.2446642633997589,-1.2091609067252986,0.9517305842207141
retail_short_z<-2,4,-1,False,1807,374,-40.61073688540445,-16.636443233038456,0.4676258992805755,195.60539586136915,-248.0978805143272,0.7884202616155493,-0.9043312054538323,0.692531310878523
retail_short_z<-2,4,-1,True,1807,374,-26.061775570383453,-9.91699046545081,0.46707249584947425,141.64691181029573,-173.04633647307634,0.8185490354621524,-2.272268909971164,0.7173991546521875
retail_short_z<-2,24,1,False,1809,374,55.75387289681107,-34.086170270565496,0.4693200663349917,628.5553687510427,-450.81744999927514,1.3942569631056947,-0.317286550255979,1.2330460017465987
retail_short_z<-2,24,1,True,1809,374,20.66050135240996,-47.39370320150245,0.42177998894416807,467.2388404180315,-305.09406146505586,1.5314583252599527,0.8567253878118496,1.117115394047174
retail_short_z<-2,24,-1,False,1809,374,-85.75387289681109,4.086170270565493,0.5041459369817579,443.7659994445125,-624.1285926017019,0.7110169357802666,-0.7304494668186343,0.7229068510943178
retail_short_z<-2,24,-1,True,1809,374,-50.66050135240996,17.39370320150245,0.5323383084577115,299.90888253956933,-449.7128851443439,0.6668896810535191,-2.413459052112628,0.7591191050290057
retail_short_z<-2,72,1,False,1806,374,67.05958591669,11.897935425210141,0.5071982281284607,882.2922306104646,-771.98884390297,1.1428820993705426,0.004092873896592756,1.1762696663184462
retail_short_z<-2,72,1,True,1806,374,23.214494297541144,-95.79842855144648,0.41029900332225916,724.4553540716258,-464.69111799597704,1.559004091138875,1.140630923469541,1.0847155225670484
retail_short_z<-2,72,-1,False,1806,374,-97.05958591669001,-41.89793542521015,0.4745293466223699,771.1362974729757,-881.0889558481374,0.8752082208665058,-0.5890495782369559,0.7903619022998899
retail_short_z<-2,72,-1,True,1806,374,-53.21449429754115,65.79842855144649,0.5603543743078627,458.23453273040735,-705.0865539351784,0.6498982715993402,-2.0726196951364875,0.8283338172021817
smart_long_z>2,4,1,False,1385,280,-15.027129293670702,-20.595231613068968,0.4368231046931408,173.29882471369456,-161.10046541476814,1.0757189575307595,-2.6605599445803096,0.8343717555206531
smart_long_z>2,4,1,True,1385,280,-24.52367514611619,-31.619274002548334,0.37328519855595665,110.184881468295,-104.75907119410074,1.0517932262318475,-4.317460311050942,0.6264713110159735
smart_long_z>2,4,-1,False,1385,280,-14.9728707063293,-9.404768386931034,0.4787003610108303,157.06782362800996,-172.95483794132502,0.9081435679833094,-0.4404547138063218,0.8339323899902135
smart_long_z>2,4,-1,True,1385,280,-5.476324853883805,1.6192740025483325,0.5097472924187726,95.3407778505815,-110.3023550591158,0.8643584971461785,-0.6588879113869671,0.8987291590356437
smart_long_z>2,24,1,False,1383,280,-7.492127701224831,-53.29274057728571,0.4511930585683297,457.172841297992,-389.50917731322915,1.1737151983208607,-1.144344151550033,0.9649516254969921
smart_long_z>2,24,1,True,1383,280,-14.812194098945525,-56.86035881059067,0.3926247288503254,329.52839111618783,-237.40378668444248,1.3880502738323948,-1.3881992115493365,0.8972753555845124
smart_long_z>2,24,-1,False,1383,280,-22.50787229877518,23.292740577285713,0.5213304410701374,379.199346248542,-460.01679159275653,0.824316314488449,0.09068352182240912,0.8977825721241265
smart_long_z>2,24,-1,True,1383,280,-15.187805901054483,26.86035881059067,0.549530007230658,230.90383269423805,-315.3959043479603,0.7321078983939295,-0.3982141920292906,0.8931011280568001
smart_long_z>2,72,1,False,1384,280,-1.7404448313574372,-43.10454304484894,0.4761560693641618,799.6955601907229,-730.2181376721173,1.0951461199527233,-1.341559872452329,0.9954500593777168
smart_long_z>2,72,1,True,1384,280,-22.850490770752256,-116.3914971153069,0.39667630057803466,590.7910959942163,-426.31064781742026,1.3858229885152658,-1.1306714263329072,0.9111578690956657
smart_long_z>2,72,-1,False,1384,280,-28.259555168642592,13.104543044848931,0.5086705202312138,721.4943992603947,-804.4754138716459,0.8968507760704658,0.7660757780383469,0.9285043328729528
smart_long_z>2,72,-1,True,1384,280,-7.149509229247754,86.3914971153069,0.5816473988439307,411.70977397511956,-589.5013623890331,0.6984034308362082,0.09130245176598309,0.9710099513353152
smart_short_z<-2,4,1,False,1117,315,-2.829793248328713,-11.133575491741654,0.4753804834377798,245.92671324423287,-228.23884605984782,1.0774971810878635,-0.20078143717281083,0.9763668995864428
smart_short_z<-2,4,1,True,1117,315,-5.132392603763017,-20.189882285134352,0.4279319606087735,172.66139980350843,-138.1299399757126,1.249992578248188,0.008446309605577709,0.9350492212873769
smart_short_z<-2,4,-1,False,1117,315,-27.170206751671294,-18.866424508258344,0.4601611459265891,228.02060661221938,-244.69604102868587,0.9318524552078403,-1.822970950845711,0.7943153598289054
smart_short_z<-2,4,-1,True,1117,315,-24.867607396236988,-9.810117714865648,0.4655326768128917,136.40556932564695,-165.34005613221632,0.8250001392074555,-2.335833811045702,0.7185930860768457
smart_short_z<-2,24,1,False,1115,315,-31.497165928646496,-68.21185558696338,0.43318385650224217,590.5294117068814,-506.87507257098815,1.165039363075361,-0.5747858418501205,0.8903702727300624
smart_short_z<-2,24,1,True,1115,315,-9.714631486544615,-58.60209284837135,0.41076233183856503,397.136142251416,-293.3335879127029,1.353872037216567,-0.45029867768922033,0.9437951187902399
smart_short_z<-2,24,-1,False,1115,315,1.4971659286464798,38.21185558696338,0.5434977578475336,498.082004061143,-589.7217179776263,0.8446051567665681,-0.3178857106217583,1.0055613457770929
smart_short_z<-2,24,-1,True,1115,315,-20.285368513455392,28.602092848371342,0.5417040358744395,287.8059962906915,-384.4481558749128,0.7486210868555563,-0.6591741242716722,0.8848671946394442
smart_short_z<-2,72,1,False,1116,315,24.824761324885053,-40.72769631504859,0.4767025089605735,890.1914515531957,-763.4887304584389,1.1659523134266536,0.06661649789810326,1.0621346416831845
smart_short_z<-2,72,1,True,1116,315,25.34345142048884,-89.03985365518506,0.4121863799283154,689.3565951120421,-440.2755212900516,1.565739092403225,0.3416556503722006,1.0979268025998223
smart_short_z<-2,72,-1,False,1116,315,-54.82476132488509,10.727696315048588,0.5044802867383512,761.4533011096592,-885.8637290475764,0.8595603094940174,-0.5798453544222325,0.8751038955608169
smart_short_z<-2,72,-1,True,1116,315,-55.34345142048883,59.03985365518506,0.5591397849462365,432.0606659836127,-673.51452715252,0.6415016284953433,-1.0783289638837927,0.8136118215062891
breakout_30d_high,4,1,False,1073,240,-19.51463272400163,-26.553796554438616,0.45013979496738116,266.4763591568003,-253.6394616704886,1.0506108055969166,-1.1493837182912234,0.8600763035649335
breakout_30d_high,4,1,True,1073,240,-29.475199969292714,-31.09307116000526,0.4249767008387698,223.5847782536551,-216.5016992718279,1.0327160433643252,-0.385546662407278,0.7632390855334398
breakout_30d_high,4,-1,False,1073,240,-10.485367275998385,-3.446203445561381,0.4939422180801491,250.84022676214363,-265.5545474605569,0.9445902138030651,-0.16959903701679124,0.9219757151300636
breakout_30d_high,4,-1,True,1073,240,-0.5248000307072984,1.0930711600052592,0.5041938490214353,214.67484423959755,-219.365039786788,0.9786192204931602,-1.105457107450814,0.9951748088097738
breakout_30d_high,24,1,False,1074,240,11.927843359406856,-68.79928194189291,0.4543761638733706,615.3018323503961,-490.54059798462515,1.254334166995249,-1.8596019027202095,1.044564971832221
breakout_30d_high,24,1,True,1074,240,-55.7619845502031,-112.09295424832662,0.39013035381750466,528.0958228045511,-429.2527040641604,1.2302679000144787,-0.976489229372292,0.7869958016886514
breakout_30d_high,24,-1,False,1074,240,-41.927843359406864,38.799281941892914,0.5288640595903166,475.52919368623657,-622.7887070786272,0.763548195850958,1.1718377416425656,0.8571054846706406
breakout_30d_high,24,-1,True,1074,240,25.76198455020309,82.09295424832662,0.5791433891992551,421.18144476473356,-518.3771841520932,0.8124999665131054,0.1749891825392074,1.1180862371043176
breakout_30d_high,72,1,False,1072,240,109.4179700038569,-14.532921398639278,0.49533582089552236,1128.0335755339931,-890.3692509508605,1.2669278216080815,-0.5239212484685163,1.2435095624286345
breakout_30d_high,72,1,True,1072,240,-6.061971013764846,-200.8681931549525,0.38526119402985076,1030.5521955537433,-655.7154623527343,1.571645408293529,0.4685124279102679,0.9849613863812254
breakout_30d_high,72,-1,False,1072,240,-139.4179700038569,-15.467078601360722,0.4925373134328358,881.9346597480802,-1130.730816527796,0.7799687130278192,0.17766599372664565,0.7570284567622951
breakout_30d_high,72,-1,True,1072,240,-23.93802898623516,170.86819315495248,0.5895522388059702,652.9922513733961,-996.256068048251,0.6554461973342482,-0.8951436129705109,0.9414590834437383
breakdown_30d_low,4,1,False,1056,149,-68.45546655509814,-18.763366677024806,0.46117424242424243,195.72372180737767,-294.56313743827155,0.6644542270615696,-0.8234052009607471,0.5686980818611326
breakdown_30d_low,4,1,True,1056,149,-31.37555588775482,-19.665104122135237,0.4185606060606061,89.44436609323338,-118.35015770468769,0.7557604301332554,-2.5862200187777193,0.5440490392815943
breakdown_30d_low,4,-1,False,1056,149,38.455466555098134,-11.236633322975196,0.4914772727272727,291.7298277509606,-206.32925124872426,1.413904359102667,-0.8554329641406766,1.3665109168981082
breakdown_30d_low,4,-1,True,1056,149,1.3755558877548169,-10.334895877864765,0.4630681818181818,114.94332095079689,-96.56913038354602,1.1902698149426596,0.2403896264953216,1.0265289938394366
breakdown_30d_low,24,1,False,1056,149,-180.30804683526546,-29.36216112338872,0.4725378787878788,426.34331486722283,-723.7892487913546,0.5890434481849067,-1.3734236306385474,0.5277067875121516
breakdown_30d_low,24,1,True,1056,149,-71.76010677389364,-47.21987416904572,0.4128787878787879,220.96743165661792,-277.61366605728557,0.7959530047451673,-3.6432435212981553,0.5597346936595048
breakdown_30d_low,24,-1,False,1056,149,150.3080468352654,-0.6378388766112839,0.4990530303030303,734.130372788955,-431.3070113454423,1.7021062803937947,0.723726158607135,1.6956710959688654
breakdown_30d_low,24,-1,True,1056,149,41.760106773893625,17.219874169045724,0.5397727272727273,270.625326568191,-226.66206458978849,1.1939595055659926,2.439903307844651,1.4003228768983866
breakdown_30d_low,72,1,False,1056,149,-115.4967035989215,-137.3672738955004,0.4422348484848485,763.5331099701368,-812.4524301468848,0.9397880806782697,-1.2987144083322983,0.7451290894342139
breakdown_30d_low,72,1,True,1056,149,-84.75489404087654,-111.52184859945903,0.39678030303030304,384.53285727263807,-393.43867394725424,0.9773641554215636,-3.235518138426296,0.6428816030166956
breakdown_30d_low,72,-1,False,1056,149,85.4967035989215,107.36727389550042,0.5416666666666666,806.1308381792763,-766.1618190869524,1.0521678555320804,0.8979335407582875,1.2434711019924585
breakdown_30d_low,72,-1,True,1056,149,54.75489404087652,81.52184859945905,0.571969696969697,384.106637206903,-385.3523025792119,0.996767463528902,2.5567658303869116,1.3319636017067629
oi_z30>2.5,4,1,False,894,264,-7.748788400948888,-25.370930786477285,0.4574944071588367,253.86697371954168,-228.3690908901873,1.1116520748493728,-0.6962502562980991,0.9374550486874091
oi_z30>2.5,4,1,True,894,264,-10.138714631477857,-32.412640906064816,0.42841163310961966,228.96898071725641,-189.3525058615468,1.2092207582648886,0.05666493724585533,0.9063239734157581
oi_z30>2.5,4,-1,False,894,264,-22.251211599051125,-4.629069213522715,0.48769574944071586,222.23026468024807,-254.98903617934474,0.8715287057438186,-0.8237306005829026,0.8296648814504475
oi_z30>2.5,4,-1,True,894,264,-19.861285368522154,2.41264090606481,0.5044742729306487,182.52206710579577,-225.89941621709409,0.8079793660484197,-1.759650948712671,0.8225704155481653
oi_z30>2.5,24,1,False,892,264,31.816491120834325,-72.85955878304851,0.44170403587443946,636.3953977646863,-446.5049731716911,1.425281768407041,0.4167450725783927,1.1276325637597875
oi_z30>2.5,24,1,True,892,264,-7.989639299138204,-92.5063554717574,0.40582959641255606,532.5158368691297,-377.16507773859666,1.411890623760778,0.9083035404238919,0.9643479354743427
oi_z30>2.5,24,-1,False,892,264,-61.816491120834336,42.859558783048506,0.547085201793722,425.33315689026574,-650.2546798075097,0.6541024157122162,-1.0893367562777092,0.7901039080880233
oi_z30>2.5,24,-1,True,892,264,-22.010360700861813,62.506355471757416,0.5739910313901345,359.9460693180669,-536.6463927263658,0.6707323000708257,-1.72122215997986,0.9037235200954283
oi_z30>2.5,72,1,False,894,264,75.20350924706446,-74.02299927402473,0.46868008948545864,1077.3177662750322,-808.7667511628695,1.3320500190271571,1.275016610689411,1.175008332573429
oi_z30>2.5,72,1,True,894,264,6.8623572682895,-196.94963226641664,0.3825503355704698,1017.8872010889564,-619.5334698814717,1.6429898473180107,1.6496095879342638,1.0179393619252892
oi_z30>2.5,72,-1,False,894,264,-105.2035092470645,44.02299927402473,0.5257270693512305,787.2301047576763,-1094.457751186282,0.7192877969975526,-1.6463869019529176,0.7973237372378532
oi_z30>2.5,72,-1,True,894,264,-36.86235726828951,166.94963226641661,0.6029082774049217,604.1544475064226,-1010.1244918417257,0.5980989990697961,-2.079046165004464,0.9080996070383666
