id,hypothesis,data,method,discovery_result,validation_result,status,next_step
H01,Cross-sectional rank: high-vol / recently pumped coins underperform,hourly panel 195 coins 2024-01..2025-03,rank IC per hour (156 tests),|t|>7 rank IC 5/5 quarters,not run (failed mean test),REJECTED,rank IC is driven by median; mean returns of the 'losers' are higher (right skew). Lesson: never select on IC/accuracy alone
H02,Cross-sectional quintile long-short on 46 price/positioning features (H=24/72h),same,mean quintile spreads net of costs (136 tests),max |t|=2.5 (= noise level for 136 tests),-,REJECTED,-
H03,Retail long/short account ratio contrarian (XS),same,FMB multivariate,sign flips once vol/reversal controlled,-,REJECTED (redundant),-
H04,Per-coin event studies (crash/pump +- OI flush; retail/smart extremes; taker extremes; 30d breakouts) 216 tests,same,day-clustered t,large raw means but driven by few market-wide days; day-clustered |t|<4.4 and mostly <2,-,REJECTED as per-coin edge,became H05
H05,Market-wide crash hour + aggregate OI flush -> rebound 12h,EW top-50 + OI-weighted contract change,event study + dose-response,OI<-2%: +377bp/12h 73% win n=15 t=2.7; monotonic dose-response,2025 deep-flush events mean ~-60bp/12h (mixed),REJECTED (was bull-market dip-buying),optional: trend-conditioned version may only be judged on HOLDOUT
H06,Hour-of-day seasonality BTC/ETH (21-23 UTC positive),hourly px,mean by hour,BTC 21h+22h ~+8bp/day,"VAL ~+9bp/day; HOLDOUT 2026: BTC -0.6bp t=-0.18, ETH +2.6bp t=0.47 (taker net -9..-13bp)",REJECTED (vanished in HOLDOUT),-
H07,Time-series trend (TSMOM 7-60d; Donchian ensemble) daily,daily px 2024-01..2025-12,vol-scaled portfolios,TSMOM30 LO BTC+ETH Sharpe 1.20; LS top50 1.03,"VAL Sharpe 1.27; HOLDOUT Sharpe 0.63 vs buy&hold -0.12, maxDD -24% vs -49%; DSR 0.04 (N=44) / 0.004 (N=750); post-hoc: Sharpe 0.5-1.0 for N=7..60, survives 2x cost; N=90 fails","SURVIVOR (risk-reduction overlay, NOT high-expectancy alpha; low-moderate confidence)",test on 2020-2026 data (needs data.binance.vision allowed); paper-trade as BTC/ETH exposure filter
H08,Pooled time-series predictability of own features (93 tests) hourly,hourly panel top-50,z*y pooled t,max |t|=2.7 (noise level),-,REJECTED,-
H09,BTC->alt 1h lead-lag,hourly,regression,t=-0.8,t=+2.1 (sign flip),REJECTED,-
H10,Failed breakout short (6h after 7d-high break),hourly,event study,win 56-59% but mean ~0 (short the right tail),same,REJECTED,classic high-accuracy/negative-skew trap
H11,Aggregate retail positioning extremes -> market,hourly,corr/buckets,corr ~0,corr ~0,REJECTED,-
H12,Post-listing drift: short new perps vs BTC (7/30/60d),metrics files of ~490 listings 2024-01..2026-06,event study clustered by listing month (pre-registered Addendum A),full data n=180: no-stop H60 mean +27% t=1.1; best t>2 config H60/S0.5 mean +17% t=2.74,n=188: H60/S0.5 mean -2.4% t=-0.53; no-stop H30 mean -9.8% (one listing -3400%); median still +26-37%,"REJECTED (median positive, mean ~0: short the right tail again)",HOLDOUT not spent; interim t=3.3 was a partial-sample artefact
