sym,first,entry,oiv_entry,r7,r30,r60,seg,month
0GUSDT,2025-09-17 15:00:00+00:00,2025-09-18 15:00:00+00:00,11675700.395625,0.4700308934305045,-0.20113355584039883,-0.5123594460893665,VAL,2025-09
1000000BOBUSDT,2025-06-05 08:00:00+00:00,2025-06-06 08:00:00+00:00,3297416.07092094,-0.5947453420042157,-0.45253730159169603,-0.45890974406522433,VAL,2025-06
1000000MOGUSDT,2024-11-07 12:00:00+00:00,2024-11-08 12:00:00+00:00,3301305.77348,0.04038217668062216,0.2943883986081426,-0.0669697408576132,DISC,2024-11
1000CATUSDT,2024-10-21 12:00:00+00:00,2024-10-22 12:00:00+00:00,11472317.28913,-0.13399674657733396,-0.15620125996393286,-0.3426899210946517,DISC,2024-10
1000CHEEMSUSDT,2024-11-25 11:00:00+00:00,2024-11-26 11:00:00+00:00,4522878.14521344,0.10092045882863765,0.4024991751646745,0.1503148025488663,DISC,2024-11
1000WHYUSDT,2024-11-25 11:00:00+00:00,2024-11-26 11:00:00+00:00,3144258.421395,-0.1323270714007272,-0.39680303013738794,-1.122034020080962,DISC,2024-11
1000XUSDT,2024-11-13 12:00:00+00:00,2024-11-14 12:00:00+00:00,4070567.69226,-0.408543505759944,-0.454338955491852,-0.8851263912452094,DISC,2024-11
1MBABYDOGEUSDT,2024-09-16 11:00:00+00:00,2024-09-17 11:00:00+00:00,10970790.524265,0.0026802521293465276,0.3086841430165306,-0.09706295634991502,DISC,2024-09
2ZUSDT,2025-10-02 12:00:00+00:00,2025-10-03 12:00:00+00:00,27181316.22498,-0.4242727158068874,-0.9709046943589792,-1.2410063851598103,VAL,2025-10
42USDT,2025-10-27 10:00:00+00:00,2025-10-28 10:00:00+00:00,5309479.34595,-0.5582806236733924,-0.7776156841322233,-1.0030286829163937,VAL,2025-10
4USDT,2025-10-08 11:00:00+00:00,2025-10-09 11:00:00+00:00,18329052.241567712,0.08889561733860085,-0.9141511005278218,-1.6926690646232305,VAL,2025-10
A2ZUSDT,2025-07-30 08:00:00+00:00,2025-07-31 08:00:00+00:00,8110695.65337912,-0.039069407507058784,0.10689345439280107,-0.00551182705881903,VAL,2025-07
ACTUSDT,2024-11-11 12:00:00+00:00,2024-11-12 12:00:00+00:00,30380994.077436727,0.06338922971585059,-0.072857207272365,-0.7082096527423427,DISC,2024-11
ACUUSDT,2026-01-21 12:00:00+00:00,2026-01-22 12:00:00+00:00,1015515.00498,0.5493679559414046,0.2668260005876988,-0.09296443420876033,HOLD,2026-01
ACXUSDT,2024-12-06 15:00:00+00:00,2024-12-07 15:00:00+00:00,17849629.71311512,-0.237633052991948,-0.4787499466822842,-1.0735734995470092,DISC,2024-12
AERGOUSDT,2024-09-10 12:00:00+00:00,2024-09-11 12:00:00+00:00,1968458.3710248,-0.10058321516844426,-0.02269644960371542,-0.24117653153986662,DISC,2024-09
AEROUSDT,2024-12-04 14:00:00+00:00,2024-12-05 14:00:00+00:00,1736054.77963897,0.1948785643216232,-0.15230631639496234,-0.7504351654192584,DISC,2024-12
AEVOUSDT,2024-03-13 13:00:00+00:00,2024-03-14 13:00:00+00:00,28607536.65,-0.12928773260179371,-0.4291861023492297,-0.8838191734853287,DISC,2024-03
AGTUSDT,2025-05-20 10:00:00+00:00,2025-05-21 10:00:00+00:00,2366894.0146194,0.050544294224132535,-0.7559357519163887,-1.7352181198053938,VAL,2025-05
AI16ZUSDT,2025-01-02 13:00:00+00:00,2025-01-03 13:00:00+00:00,13121641.3504,-0.27539784747833396,-1.554484309183672,-1.7836809832287588,DISC,2025-01
AIAUSDT,2025-09-18 08:00:00+00:00,2025-09-19 08:00:00+00:00,8933906.7425295,-0.3461221828824792,0.9543760786426629,0.5899157847272399,VAL,2025-09
AIGENSYNUSDT,2026-04-29 14:00:00+00:00,2026-04-30 14:00:00+00:00,4217247.09036,-0.24778802467092742,-0.34357701489856174,-0.32482329872072224,HOLD,2026-04
AINUSDT,2025-07-10 10:00:00+00:00,2025-07-11 10:00:00+00:00,4040530.28988,-0.10641872077790548,-0.17138716890412886,-0.209953164860045,VAL,2025-07
AIOTUSDT,2025-04-30 12:00:00+00:00,2025-05-01 12:00:00+00:00,6273061.0216911,0.48566389428112944,-0.49994194641827483,-0.6289308809490153,VAL,2025-04
AIOUSDT,2025-08-13 11:00:00+00:00,2025-08-14 11:00:00+00:00,4127820.09143056,0.030187223562974097,0.5263220234130395,0.4909341923241213,VAL,2025-08
AIXBTUSDT,2024-12-20 18:00:00+00:00,2024-12-21 18:00:00+00:00,7789993.43555576,0.17229299243088192,0.5767560634066982,-0.6238452723464347,DISC,2024-12
AKEUSDT,2025-09-26 12:00:00+00:00,2025-09-27 12:00:00+00:00,4330937.5344689,-0.11412115631218889,-0.2054559936570488,-1.4780414367699386,VAL,2025-09
AKTUSDT,2024-11-18 11:00:00+00:00,2024-11-19 11:00:00+00:00,2366855.35498074,-0.12214684051550373,-0.3442829206091822,-0.42258118909795095,DISC,2024-11
ALCHUSDT,2025-01-07 11:00:00+00:00,2025-01-08 11:00:00+00:00,4355612.12489262,-0.47297050631452575,-1.8196763305142978,-1.05423412824604,DISC,2025-01
ALLOUSDT,2025-11-11 14:00:00+00:00,2025-11-12 14:00:00+00:00,9828582.1239,-0.6586193422637774,-0.9905851208577197,-1.1448335758249666,VAL,2025-11
ALLUSDT,2025-08-06 09:00:00+00:00,2025-08-07 09:00:00+00:00,2238814.24484634,0.047930970294229866,0.021622662047102045,0.0012887769335218763,VAL,2025-08
ALPACAUSDT,2024-08-22 10:00:00+00:00,2024-08-23 10:00:00+00:00,18271549.21669,-0.25734387699389116,-0.45430319200671665,-0.5268407761123477,DISC,2024-08
ALPINEUSDT,2025-05-06 09:00:00+00:00,2025-05-07 09:00:00+00:00,2547116.75862039,0.042687759850388446,-0.3578725367346941,-0.5053222416346105,VAL,2025-05
ALTUSDT,2024-01-25 14:00:00+00:00,2024-01-26 14:00:00+00:00,19319929.106,0.03787405400744004,0.24593986024022862,0.14137709664459863,DISC,2024-01
ANIMEUSDT,2025-01-23 17:00:00+00:00,2025-01-24 17:00:00+00:00,19355396.1483,-0.29743193285694636,-0.7813518848610963,-0.9408833964311705,DISC,2025-01
APRUSDT,2025-10-23 10:00:00+00:00,2025-10-24 10:00:00+00:00,13045054.61819,-0.7250604540240886,-0.7193880262947363,-1.378637637860472,VAL,2025-10
ARCUSDT,2025-01-17 13:00:00+00:00,2025-01-18 13:00:00+00:00,3800605.91052086,-0.01990285331429087,-0.3418149921585454,-1.95948890912093,DISC,2025-01
ARIAUSDT,2025-09-03 11:00:00+00:00,2025-09-04 11:00:00+00:00,3251944.1559,0.012312011297977765,0.5725468208640732,0.5924941341265961,VAL,2025-09
ASRUSDT,2025-05-06 09:00:00+00:00,2025-05-07 09:00:00+00:00,2566410.93222305,-0.01597535235353542,0.14945202200702012,0.13943490731964814,VAL,2025-05
ASTERUSDT,2025-09-19 12:00:00+00:00,2025-09-20 12:00:00+00:00,93826200.1752,0.5851219866820311,0.04549656110302264,0.35191577755074344,VAL,2025-09
ATHUSDT,2025-04-02 15:00:00+00:00,2025-04-03 15:00:00+00:00,2180033.82246,0.07545714004308879,-0.04877680963233466,0.2374452702745482,VAL,2025-04
ATUSDT,2025-10-29 11:00:00+00:00,2025-10-30 11:00:00+00:00,3179811.5882246,0.09331549655439875,-0.2883041602100531,-0.5315350822863882,VAL,2025-10
AUSDT,2025-05-28 08:00:00+00:00,2025-05-29 08:00:00+00:00,4845233.38193144,-0.17428124453920923,-0.41068263479927697,-0.34768941607985066,VAL,2025-05
AVAAIUSDT,2025-01-17 13:00:00+00:00,2025-01-18 13:00:00+00:00,2158932.31841074,-0.30600454587174775,-1.3522265391898547,-1.1383940326818396,DISC,2025-01
AVAUSDT,2024-12-13 13:00:00+00:00,2024-12-14 13:00:00+00:00,8704200.2912,-0.6074050318642293,-0.7770999124585243,-1.206958976142595,DISC,2024-12
AVNTUSDT,2025-09-09 15:00:00+00:00,2025-09-10 15:00:00+00:00,11604113.55036,1.0748408329139552,0.8004080278503289,0.5428965771764036,VAL,2025-09
AWEUSDT,2025-05-21 08:00:00+00:00,2025-05-22 08:00:00+00:00,2270523.8802702,-0.10586286675030854,-0.20614862952783675,-0.22952936232322108,VAL,2025-05
AXLUSDT,2024-03-01 15:00:00+00:00,2024-03-02 15:00:00+00:00,3207821.21856,0.05066419797131316,-0.07566986368989714,-0.46073761747890185,DISC,2024-03
AZTECUSDT,2026-02-11 04:00:00+00:00,2026-02-12 04:00:00+00:00,1220775.521856,0.10751272399682898,0.26035105338068343,0.15693751738470763,HOLD,2026-02
B2USDT,2025-05-06 13:00:00+00:00,2025-05-07 13:00:00+00:00,1777264.08135885,0.0978455337053114,-0.2428335579537939,-0.45852023682434206,VAL,2025-05
B3USDT,2025-02-13 11:00:00+00:00,2025-02-14 11:00:00+00:00,2976270.47544944,-0.2793956113741807,-0.3238601923726865,-0.945899484540976,DISC,2025-02
BABYUSDT,2025-04-05 13:00:00+00:00,2025-04-06 13:00:00+00:00,1313519.7786546,0.7434922940003503,0.05714759385643653,-0.21892864719145466,VAL,2025-04
BANANAS31USDT,2025-03-22 09:00:00+00:00,2025-03-23 09:00:00+00:00,3180859.606746,-0.0416787185638654,-0.08436351569161626,-0.1821060639392993,DISC,2025-03
BANANAUSDT,2024-08-15 02:00:00+00:00,2024-08-16 02:00:00+00:00,2892629.65343042,0.038747862299324254,-0.06270530572562061,0.22410907384896372,DISC,2024-08
BANKUSDT,2025-04-18 18:00:00+00:00,2025-04-19 18:00:00+00:00,4150495.8550207103,-0.36725294565720823,0.22819061207632618,-0.25044780626751795,VAL,2025-04
BANUSDT,2024-11-18 11:00:00+00:00,2024-11-19 11:00:00+00:00,13342625.54615347,-0.8047914008995589,-1.6194923487977004,-1.5439524570019543,DISC,2024-11
BARDUSDT,2025-09-18 11:00:00+00:00,2025-09-19 11:00:00+00:00,20691346.5024,0.2598922189524685,-0.32968848118547345,-0.01674370095738048,VAL,2025-09
BASEDUSDT,2026-03-30 10:00:00+00:00,2026-03-31 10:00:00+00:00,4790276.2152,-0.6927560243427311,-0.05329331310641283,-0.5135723978390931,HOLD,2026-03
BASUSDT,2025-08-26 13:00:00+00:00,2025-08-27 13:00:00+00:00,5090835.51444,0.3174196886476164,-0.03955535937491028,0.01658535347292478,VAL,2025-08
BBUSDT,2024-05-13 12:00:00+00:00,2024-05-14 12:00:00+00:00,13718184.62693548,-0.29868693769021226,0.16991641067340335,0.2523923324441075,DISC,2024-05
BBXUSDT,2026-06-01 13:00:00+00:00,2026-06-02 13:00:00+00:00,2320204.8144,0.04924965527762737,0.39874754131596557,-0.04744646530213448,HOLD,2026-06
BDXNUSDT,2025-06-03 10:00:00+00:00,2025-06-04 10:00:00+00:00,4252853.04147296,-0.5307612155480226,-0.7735089381546705,-0.6707321454796009,VAL,2025-06
BEATUSDT,2025-11-12 12:00:00+00:00,2025-11-13 12:00:00+00:00,15802617.15552,0.526884388290169,2.0486949473099663,0.19704519430018752,VAL,2025-11
BERAUSDT,2025-02-06 15:00:00+00:00,2025-02-07 15:00:00+00:00,56800988.07596,-0.25698569653395786,-0.08323367450059616,-0.466111036670104,DISC,2025-02
BEUSDT,2026-05-26 13:00:00+00:00,2026-05-27 13:00:00+00:00,217933.83254152,0.0862546366732122,0.15801141990500334,-0.2965331151556274,HOLD,2026-05
BIDUSDT,2025-03-20 09:00:00+00:00,2025-03-21 09:00:00+00:00,3048689.25282813,-0.3052017555585569,-0.6998938599330531,-0.6604026956151121,DISC,2025-03
BILLUSDT,2026-05-07 08:00:00+00:00,2026-05-08 08:00:00+00:00,2940606.55997599,0.9423219395160385,0.0970463144252518,-0.4801790027097983,HOLD,2026-05
BIOUSDT,2025-01-03 12:00:00+00:00,2025-01-04 12:00:00+00:00,32441604.48822414,-0.44078968732231755,-1.645711415141017,-1.9294080560782683,DISC,2025-01
BIRBUSDT,2026-01-29 05:00:00+00:00,2026-01-30 05:00:00+00:00,3860363.62209,0.05410363324152301,-0.19759167612724138,-0.40018030425472095,HOLD,2026-01
BLESSUSDT,2025-09-23 09:00:00+00:00,2025-09-24 09:00:00+00:00,12943299.64242228,-1.038687653072262,-0.4912787179153222,-1.337122500265958,VAL,2025-09
BLUAIUSDT,2025-10-21 11:00:00+00:00,2025-10-22 11:00:00+00:00,5287329.3219408,-0.2648538232118689,-0.9740570962261228,-1.5379805838626193,VAL,2025-10
BMTUSDT,2025-03-17 13:00:00+00:00,2025-03-18 13:00:00+00:00,18457098.792,-0.6500043372746578,-1.2806146474433673,-1.3233095128210914,DISC,2025-03
BOBUSDT,2025-11-21 10:00:00+00:00,2025-11-22 10:00:00+00:00,1377603.160437,-0.3439553790039991,-0.4418369540548568,-0.7806231323828534,VAL,2025-11
BOMEUSDT,2024-03-16 12:00:00+00:00,2024-03-17 12:00:00+00:00,51076453.18296792,-0.10974974066179222,-0.548004542704672,-0.2389784662871719,DISC,2024-03
BRETTUSDT,2024-08-20 10:00:00+00:00,2024-08-21 10:00:00+00:00,3792798.31574,-0.068565764763175,-0.11239231865526111,0.05087687336182256,DISC,2024-08
BREVUSDT,2025-12-30 10:00:00+00:00,2025-12-31 10:00:00+00:00,941748.849024,0.17175407946757293,-0.6802019673953701,-0.8151589579791274,VAL,2025-12
BROCCOLI714USDT,2025-03-21 09:00:00+00:00,2025-03-22 09:00:00+00:00,2416877.18993501,0.020456244864823336,-0.5793628584475421,-0.6237949867556791,DISC,2025-03
BROCCOLIF3BUSDT,2025-03-21 09:00:00+00:00,2025-03-22 09:00:00+00:00,2665961.603088,-0.9027633290008112,1.1696299489197424,-0.5394858444883854,DISC,2025-03
BRUSDT,2025-03-21 12:00:00+00:00,2025-03-22 12:00:00+00:00,2403722.6659,-0.6233555903077579,-1.456062515325569,-1.4486536833601762,DISC,2025-03
BSBUSDT,2026-03-25 11:00:00+00:00,2026-03-26 11:00:00+00:00,2309015.50456314,0.47529496557330875,1.224367864735974,1.6177211706616572,HOLD,2026-03
BSWUSDT,2024-09-05 06:00:00+00:00,2024-09-06 06:00:00+00:00,1659100.98488,-0.11067663730078792,-0.38176518184903463,-0.6437551133046657,DISC,2024-09
BTRUSDT,2025-08-27 10:00:00+00:00,2025-08-28 10:00:00+00:00,8759383.3098,-0.5007643182709702,0.17502545149565707,-0.24646789870869812,VAL,2025-08
BTWUSDT,2026-06-04 14:00:00+00:00,2026-06-05 14:00:00+00:00,5243911.90259436,0.5903850054500204,0.5228307254094569,1.0613324268610942,HOLD,2026-06
BULLAUSDT,2025-07-04 09:00:00+00:00,2025-07-05 09:00:00+00:00,3064047.8836,-0.06423316005749102,-0.3588273874163317,-0.21167417542249956,VAL,2025-07
BUSDT,2025-05-22 16:00:00+00:00,2025-05-23 16:00:00+00:00,15028199.9108047,0.4021215640876886,0.26364340151810706,0.617166357907423,VAL,2025-05
BXUSDT,2026-06-08 09:00:00+00:00,2026-06-09 09:00:00+00:00,108907.0548,0.02794225317747756,0.0270502588259367,0.13600627022081913,HOLD,2026-06
CARVUSDT,2025-08-07 16:00:00+00:00,2025-08-08 16:00:00+00:00,1429158.579,-0.017048924267155652,0.03915821205428571,-0.20491300521650158,VAL,2025-08
CATIUSDT,2024-09-20 11:00:00+00:00,2024-09-21 11:00:00+00:00,22979161.81,-0.33429743179494875,-0.8151678911748497,-0.8501150487232276,DISC,2024-09
CCUSDT,2025-10-31 12:00:00+00:00,2025-11-01 12:00:00+00:00,5168718.232704,0.12393432450150343,-0.3079491928284328,0.21357721420922493,VAL,2025-10
CETUSUSDT,2024-11-06 14:00:00+00:00,2024-11-07 14:00:00+00:00,11980419.12,-0.25872913514210627,-0.12319526074497977,-0.28331494660644785,DISC,2024-11
CFGUSDT,2026-03-16 13:00:00+00:00,2026-03-17 13:00:00+00:00,5604018.28767,-0.16682279965470204,0.3137392260195935,0.3970420556430494,HOLD,2026-03
CGPTUSDT,2024-12-20 19:00:00+00:00,2024-12-21 19:00:00+00:00,3093274.9205829,-0.12205516541623429,-0.019200891417225474,-0.6945273823779232,DISC,2024-12
CHESSUSDT,2024-08-29 07:00:00+00:00,2024-08-30 07:00:00+00:00,4297404.67390016,-0.21244236864647492,-0.27050619270655707,-0.39646566005960815,DISC,2024-08
CHILLGUYUSDT,2024-11-27 14:00:00+00:00,2024-11-28 14:00:00+00:00,8800963.883912511,-0.16150187588116682,-1.1510889796006527,-2.2364862504680403,DISC,2024-11
CHIPUSDT,2026-04-16 07:00:00+00:00,2026-04-17 07:00:00+00:00,1787359.4168528,0.8990832332382781,0.35950826538897784,0.13076660264231554,HOLD,2026-04
CLANKERUSDT,2025-11-12 12:00:00+00:00,2025-11-13 12:00:00+00:00,2283221.9421,-0.03131091992837032,-0.5441506757560926,-0.6615092527547684,VAL,2025-11
CLOUSDT,2025-10-14 11:00:00+00:00,2025-10-15 11:00:00+00:00,15892930.57956335,-0.37380806908125286,-0.9828540738413425,-0.4853576517585696,VAL,2025-10
COAIUSDT,2025-09-25 07:00:00+00:00,2025-09-26 07:00:00+00:00,9922492.78218,0.5702244645763637,3.5547418548516436,1.449993702972539,VAL,2025-09
COLLECTUSDT,2025-12-31 13:00:00+00:00,2026-01-01 13:00:00+00:00,4704502.59617148,0.12313568997284241,-0.4297220626076519,-0.33986675657184096,VAL,2025-12
COMMONUSDT,2025-10-27 12:00:00+00:00,2025-10-28 12:00:00+00:00,7117848.670515,-0.5252758034658678,-0.9037863856196271,-1.468289555963314,VAL,2025-10
COOKIEUSDT,2025-01-07 11:00:00+00:00,2025-01-08 11:00:00+00:00,3673407.4900899297,-0.08610361452723059,-1.2354194797240972,-1.123897803379735,DISC,2025-01
COSUSDT,2024-09-30 13:00:00+00:00,2024-10-01 13:00:00+00:00,2293535.205245,-0.13701992203639257,-0.2665468862976681,0.030222421736033844,DISC,2024-09
COWUSDT,2024-11-06 13:00:00+00:00,2024-11-07 13:00:00+00:00,13515009.65996049,-0.5946761188714065,-0.3848197963201123,0.19898617015311593,DISC,2024-11
CROSSUSDT,2025-07-10 10:00:00+00:00,2025-07-11 10:00:00+00:00,2810399.8404576,0.3491043115216268,0.49892530046473893,0.2292918323935469,VAL,2025-07
CTRUSDT,2026-05-28 09:00:00+00:00,2026-05-29 09:00:00+00:00,1792436.30078464,-0.17957137979466165,-0.39070388847428017,-0.8126122237334323,HOLD,2026-05
CUDISUSDT,2025-08-20 11:00:00+00:00,2025-08-21 11:00:00+00:00,2373324.25836,-0.10336588371103206,0.19176655368645212,-0.49192597347360856,VAL,2025-08
CUSDT,2025-07-15 09:00:00+00:00,2025-07-16 09:00:00+00:00,6875149.0636523105,0.6964908055750186,0.18536956981512565,0.26640734815463274,VAL,2025-07
CYSUSDT,2025-12-12 11:00:00+00:00,2025-12-13 11:00:00+00:00,3456396.0894,0.20059251100551667,0.45649543062302356,0.6807139929956318,VAL,2025-12
DAMUSDT,2025-08-18 12:00:00+00:00,2025-08-19 12:00:00+00:00,5187656.28091,-0.5178154615375887,0.03792450206701048,-0.1760565868772357,VAL,2025-08
DEEPUSDT,2025-04-22 08:00:00+00:00,2025-04-23 08:00:00+00:00,10565799.2979,-0.04413749406771639,-0.23149315707022788,-0.6021052099645925,VAL,2025-04
DEGENUSDT,2024-11-15 11:00:00+00:00,2024-11-16 11:00:00+00:00,5330865.87584376,-0.33187612934315425,-0.7574945222569256,-1.1275126074791166,DISC,2024-11
DEGOUSDT,2024-12-13 13:00:00+00:00,2024-12-14 13:00:00+00:00,5348614.12815413,-0.13100667410570055,-0.29476294181987706,-0.6258780471191701,DISC,2024-12
DEXEUSDT,2024-12-24 11:00:00+00:00,2024-12-25 11:00:00+00:00,2362248.7245,0.13292018045574672,0.262755273616631,0.3300442898954081,DISC,2024-12
DFUSDT,2024-12-30 11:00:00+00:00,2024-12-31 11:00:00+00:00,1920822.87083436,-0.12478388923738981,-0.1431211172712885,-0.04483613331208769,DISC,2024-12
DIAUSDT,2024-10-02 12:00:00+00:00,2024-10-03 12:00:00+00:00,1690165.70585166,0.07580780340519788,0.1345569498947542,-0.20606349425718876,DISC,2024-10
DMCUSDT,2025-06-24 13:00:00+00:00,2025-06-25 13:00:00+00:00,3992061.8467426496,0.485991920208666,-0.3011433668818313,-0.4236544934207602,VAL,2025-06
DOGSUSDT,2024-08-26 12:00:00+00:00,2024-08-27 12:00:00+00:00,45495035.972079106,-0.0568557370385836,-0.4220415637513204,-0.819813125733992,DISC,2024-08
DOLOUSDT,2025-05-01 03:00:00+00:00,2025-05-02 03:00:00+00:00,2393454.26901,-0.19633775618868654,-0.5202275247114261,-0.553569339074163,VAL,2025-05
DOODUSDT,2025-05-09 13:00:00+00:00,2025-05-10 13:00:00+00:00,3598383.25549224,-0.5210122865377089,-1.0005749702736049,-1.1588515784080196,VAL,2025-05
DRIFTUSDT,2024-11-08 15:00:00+00:00,2024-11-09 15:00:00+00:00,26881860.811922,-0.5384524319686192,-0.4080005674383651,-0.5454887275871703,DISC,2024-11
DUSDT,2025-01-09 10:00:00+00:00,2025-01-10 10:00:00+00:00,2142663.68515536,-0.39390217986686915,-0.7949076914121553,-1.0662321043090408,DISC,2025-01
DYMUSDT,2024-02-07 07:00:00+00:00,2024-02-08 07:00:00+00:00,21577432.0976,0.0581078790961842,-0.3940933488260845,-0.6180862285371129,DISC,2024-02
EDENUSDT,2025-09-30 11:00:00+00:00,2025-10-01 11:00:00+00:00,16715078.3272,-0.37606281941341124,-1.1335885352482626,-1.4578946540098188,VAL,2025-09
EDGEUSDT,2026-03-19 14:00:00+00:00,2026-03-20 14:00:00+00:00,7068338.824994,-0.0616039616741032,0.5779205944582384,0.5998554012811379,HOLD,2026-03
EIGENUSDT,2024-10-01 06:00:00+00:00,2024-10-02 06:00:00+00:00,36758784.667,0.03521004835479724,-0.4727232044550289,-0.4591600699835232,DISC,2024-10
ELSAUSDT,2026-01-22 07:00:00+00:00,2026-01-23 07:00:00+00:00,4136003.56048,-0.3613463099866976,-0.7246715078728123,-0.8394472079391522,HOLD,2026-01
ENAUSDT,2024-04-02 12:00:00+00:00,2024-04-03 12:00:00+00:00,47822309.99669825,0.3424637175793379,-0.04943338466762148,-0.049017367698129644,DISC,2024-04
ENSOUSDT,2025-10-14 09:00:00+00:00,2025-10-15 09:00:00+00:00,6067638.86475147,-0.4251922696611493,-0.8754987783169428,-1.093015946527626,VAL,2025-10
EPICUSDT,2025-03-13 08:00:00+00:00,2025-03-14 08:00:00+00:00,3926001.29719042,-0.21013957707030656,-0.1086792109853223,-0.26588374531827774,DISC,2025-03
EPTUSDT,2025-04-21 13:00:00+00:00,2025-04-22 13:00:00+00:00,3552134.22058,-0.21105811331460078,-0.38155580929371524,-1.0443766975072943,VAL,2025-04
ERAUSDT,2025-07-17 15:00:00+00:00,2025-07-18 15:00:00+00:00,28483991.41865364,-0.0015322820236914891,-0.37973788367378086,-0.6590985594341012,VAL,2025-07
ESPORTSUSDT,2025-07-29 10:00:00+00:00,2025-07-30 10:00:00+00:00,2746118.67829473,0.13538695605344975,-0.08194734769751921,0.38973278474157147,VAL,2025-07
ESPUSDT,2026-02-10 08:00:00+00:00,2026-02-11 08:00:00+00:00,1678397.0571,-0.2782453626480508,0.2658619610552302,-0.09706409472180555,HOLD,2026-02
ETHFIUSDT,2024-03-18 15:00:00+00:00,2024-03-19 15:00:00+00:00,6853886.3088,0.3766298557305072,0.163292462454804,0.062000496654277315,DISC,2024-03
EULUSDT,2025-10-13 14:00:00+00:00,2025-10-14 14:00:00+00:00,7393622.25483999,-0.1130603962919059,-0.43809759784716973,-0.8111600067497984,VAL,2025-10
EVAAUSDT,2025-10-03 10:00:00+00:00,2025-10-04 10:00:00+00:00,10474235.75760719,-0.9021102566426533,0.06594223239206509,-1.6046648906062289,VAL,2025-10
EWTUSDT,2026-06-01 13:00:00+00:00,2026-06-02 13:00:00+00:00,538502.1322294,0.06506308334884547,0.11933686791519094,-0.018493572400682723,HOLD,2026-06
FARTCOINUSDT,2024-12-20 18:00:00+00:00,2024-12-21 18:00:00+00:00,6553975.62703,0.1577561331774388,0.7297569301360409,-0.9730641162338605,DISC,2024-12
FFUSDT,2025-09-29 13:00:00+00:00,2025-09-30 13:00:00+00:00,35915131.25124768,-0.09837738987866373,-0.2559148894682364,-0.22501503500345632,VAL,2025-09
FHEUSDT,2025-04-12 15:00:00+00:00,2025-04-13 15:00:00+00:00,3143828.430848,0.3516660883558962,0.06843869899012844,-0.21546385269622048,VAL,2025-04
FIDAUSDT,2024-09-19 12:00:00+00:00,2024-09-20 12:00:00+00:00,7353847.89957577,-0.018841389810476228,-0.4193508441051943,-0.795056488660868,DISC,2024-09
FIGHTUSDT,2026-01-23 12:00:00+00:00,2026-01-24 12:00:00+00:00,2930865.8526112,-0.9010873359810025,-0.9620969377402417,-1.7508256716590438,HOLD,2026-01
FIOUSDT,2024-09-20 11:00:00+00:00,2024-09-21 11:00:00+00:00,6248391.76753034,-0.1364529325935293,-0.3011764257290457,-0.6125343413824798,DISC,2024-09
FISUSDT,2025-04-25 07:00:00+00:00,2025-04-26 07:00:00+00:00,2416083.9368954,0.09404213938464734,-0.3862857163283666,-0.9705536225973024,VAL,2025-04
FLOCKUSDT,2025-09-09 06:00:00+00:00,2025-09-10 06:00:00+00:00,3706115.3656158494,-0.15982991436357163,-0.48796110121973457,-0.6106872631310286,VAL,2025-09
FLUIDUSDT,2025-09-24 10:00:00+00:00,2025-09-25 10:00:00+00:00,6184351.76549354,-0.05803289200079553,-0.3070977079296042,-0.4319055228246069,VAL,2025-09
FLUXUSDT,2024-09-03 07:00:00+00:00,2024-09-04 07:00:00+00:00,3017028.43647072,-0.03751504890970658,-0.19323003111699244,-0.3912566034670679,DISC,2024-09
FOGOUSDT,2026-01-10 14:00:00+00:00,2026-01-11 14:00:00+00:00,4162587.636504,-0.7107437292692969,-0.867101668877504,-0.7861135572083402,HOLD,2026-01
FOLKSUSDT,2025-11-06 12:00:00+00:00,2025-11-07 12:00:00+00:00,3367907.8786,0.27839619260541104,1.1638569422293215,-0.07551662969751205,VAL,2025-11
FORMUSDT,2025-03-19 08:00:00+00:00,2025-03-20 08:00:00+00:00,14822198.93324,0.25229414384646265,0.1574133363231418,0.2010285281726174,DISC,2025-03
FORTHUSDT,2025-04-08 08:00:00+00:00,2025-04-09 08:00:00+00:00,7018506.715330769,-0.3120395090658301,-0.36008486820246466,-0.5247278921022018,VAL,2025-04
FRAXUSDT,2026-01-15 08:00:00+00:00,2026-01-16 08:00:00+00:00,5011195.36349979,0.21022383738447936,0.02097116415251754,-0.042546031378586036,HOLD,2026-01
FUNUSDT,2025-03-31 08:00:00+00:00,2025-04-01 08:00:00+00:00,1376020.14279504,0.5818580141558423,-0.05930053836279203,-0.5411637236238471,DISC,2025-03
FUSDT,2025-06-18 12:00:00+00:00,2025-06-19 12:00:00+00:00,2536343.107437,-0.10510032975874495,-0.1829102038823489,-0.32367066648095033,VAL,2025-06
GENIUSUSDT,2026-04-16 03:00:00+00:00,2026-04-17 03:00:00+00:00,4633650.96774125,-0.031997418903059516,-0.3816404742130664,-0.3008456264280149,HOLD,2026-04
GHSTUSDT,2024-09-23 13:00:00+00:00,2024-09-24 13:00:00+00:00,2495702.84174911,-0.09810214418416759,-0.2336254306965227,-0.5571783861421858,DISC,2024-09
GIGGLEUSDT,2025-10-09 09:00:00+00:00,2025-10-10 09:00:00+00:00,9202808.874,0.37161066242875496,0.8297925166255418,0.3106476105237066,VAL,2025-10
GLMUSDT,2024-02-22 10:00:00+00:00,2024-02-23 10:00:00+00:00,1792291.5798,-0.11007088150044986,0.10476298341382395,-0.06739590763780623,DISC,2024-02
GOATUSDT,2024-10-24 13:00:00+00:00,2024-10-25 13:00:00+00:00,18366010.37492778,-0.16079256759629335,-0.1646433056824441,-0.5502855423065915,DISC,2024-10
GPSUSDT,2025-02-17 17:00:00+00:00,2025-02-18 17:00:00+00:00,4628815.5675845,0.20807370888142485,-1.1251670708467558,-1.8149907264274523,DISC,2025-02
GRASSUSDT,2024-11-08 15:00:00+00:00,2024-11-09 15:00:00+00:00,7014112.997868,-0.3202716124495515,-0.2877965207166657,-0.34676088216462353,DISC,2024-11
GRIFFAINUSDT,2025-01-02 13:00:00+00:00,2025-01-03 13:00:00+00:00,3839193.71373,0.004533793109290141,-0.8681535136669228,-1.8570516777404706,DISC,2025-01
GUAUSDT,2025-12-21 10:00:00+00:00,2025-12-22 10:00:00+00:00,4672824.49214,-0.1891192621926956,-0.008494447007165729,0.3528878056490157,VAL,2025-12
GUNUSDT,2025-03-31 13:00:00+00:00,2025-04-01 13:00:00+00:00,16043959.88336481,-0.31570378562072055,-0.20223167034077916,-0.7685848714587582,DISC,2025-03
GUSDT,2024-08-15 12:00:00+00:00,2024-08-16 12:00:00+00:00,721123.3525087,0.04087410345816611,-0.05597525953115268,-0.20925248505773286,DISC,2024-08
GWEIUSDT,2026-01-29 05:00:00+00:00,2026-01-30 05:00:00+00:00,4239438.3813,-0.1031012344315374,0.3314494238513146,0.1690475483294942,HOLD,2026-01
HAEDALUSDT,2025-05-01 03:00:00+00:00,2025-05-02 03:00:00+00:00,8702006.37652808,-0.2726180898945674,-0.33185224802029833,-0.43667338345414675,VAL,2025-05
HANAUSDT,2025-09-26 11:00:00+00:00,2025-09-27 11:00:00+00:00,9205858.48616,-0.3291306580915667,-0.21466671465990483,-0.8026869751795123,VAL,2025-09
HDUSDT,2026-05-15 13:00:00+00:00,2026-05-16 13:00:00+00:00,30403.3312,0.08941963223141691,0.27809904970499577,0.3289999451152408,HOLD,2026-05
HEIUSDT,2025-02-13 09:00:00+00:00,2025-02-14 09:00:00+00:00,7545236.540978141,-0.28992835161384495,-0.26236785404057245,-0.7589886194387316,DISC,2025-02
HEMIUSDT,2025-08-29 04:00:00+00:00,2025-08-30 04:00:00+00:00,4086443.120575,0.4294757013094226,1.6025047081912285,0.8231362102590869,VAL,2025-08
HIPPOUSDT,2024-11-13 12:00:00+00:00,2024-11-14 12:00:00+00:00,13096217.4630192,-0.3142590157567837,-0.6744685138940647,-1.130609881823506,DISC,2024-11
HIVEUSDT,2024-12-23 11:00:00+00:00,2024-12-24 11:00:00+00:00,2713734.17196,0.019592041244957725,0.023857992312210197,-0.04264868889407181,DISC,2024-12
HMSTRUSDT,2024-09-26 12:00:00+00:00,2024-09-27 12:00:00+00:00,21033589.41791162,-0.3213219691881264,-0.8963949288875872,-0.9965255682934986,DISC,2024-09
HOLOUSDT,2025-09-11 12:00:00+00:00,2025-09-12 12:00:00+00:00,15786372.50144724,-0.2162017127423056,-1.1248968098137335,-1.2686795124493906,VAL,2025-09
HOMEUSDT,2025-06-10 11:00:00+00:00,2025-06-11 11:00:00+00:00,5411634.413838,-0.24548619871929356,-0.37399613050238534,0.18684816154496575,VAL,2025-06
HUMAUSDT,2025-05-26 13:00:00+00:00,2025-05-27 13:00:00+00:00,11733288.437273,-0.32174717054049307,-0.6914492643241785,-0.5193095338724736,VAL,2025-05
HUSDT,2025-06-25 09:00:00+00:00,2025-06-26 09:00:00+00:00,5216626.31244,0.9445223521369157,0.5712722550931582,0.040964050766351345,VAL,2025-06
HYPERUSDT,2025-04-22 13:00:00+00:00,2025-04-23 13:00:00+00:00,11267256.26,-0.35276805166346037,-0.5999037136827488,-1.1470918067421652,VAL,2025-04
HYPEUSDT,2025-05-30 10:00:00+00:00,2025-05-31 10:00:00+00:00,8172761.4189,0.06530431227344913,0.20019948149096534,0.17897076702491033,VAL,2025-05
ICNTUSDT,2025-07-03 13:00:00+00:00,2025-07-04 13:00:00+00:00,3871012.58922624,-0.10100804659956553,-0.45181175464793943,-0.1141769221158262,VAL,2025-07
IDOLUSDT,2025-07-04 09:00:00+00:00,2025-07-05 09:00:00+00:00,2434246.22179582,0.05751334454335488,-0.27494219352089644,0.46680383032422945,VAL,2025-07
INITUSDT,2025-04-16 06:00:00+00:00,2025-04-17 06:00:00+00:00,622531.363248,-0.018331516656183044,0.19902214961281878,-0.5191456028966126,VAL,2025-04
INUSDT,2025-08-07 10:00:00+00:00,2025-08-08 10:00:00+00:00,2538347.41368,0.06118474202047386,-0.31495556388869117,0.5177792192020809,VAL,2025-08
INXUSDT,2026-01-30 19:00:00+00:00,2026-01-31 19:00:00+00:00,1330441.05884994,-0.08160144916804501,-0.12274191025285841,-0.023672370120356057,HOLD,2026-01
IOUSDT,2024-06-11 14:00:00+00:00,2024-06-12 14:00:00+00:00,50471758.7392,-0.3125387444843575,-0.6543477372973354,-1.1351734473221375,DISC,2024-06
IPUSDT,2025-02-13 17:00:00+00:00,2025-02-14 17:00:00+00:00,10754976.47784651,0.8319614445308584,1.1663739391307635,0.8592955009414053,DISC,2025-02
IRUSDT,2025-12-21 10:00:00+00:00,2025-12-22 10:00:00+00:00,2477669.2064919,-0.5634408647559557,-1.0026456225387745,-0.4751484635708989,VAL,2025-12
IRYSUSDT,2025-11-26 16:00:00+00:00,2025-11-27 16:00:00+00:00,4947950.09096874,-0.26497836311837863,-0.2793396755386963,0.09111054166093391,VAL,2025-11
JCTUSDT,2025-11-10 10:00:00+00:00,2025-11-11 10:00:00+00:00,5394716.76426444,-0.21153706758547397,-0.889627888387154,-0.8352913189829172,VAL,2025-11
JELLYJELLYUSDT,2025-03-26 16:00:00+00:00,2025-03-27 16:00:00+00:00,5679292.32832008,-0.47001807805113494,0.4812072924732531,0.20424998116195026,DISC,2025-03
JSTUSDT,2025-04-28 09:00:00+00:00,2025-04-29 09:00:00+00:00,2979378.42278244,-0.12562797299752493,-0.25551488934560895,-0.279618113316459,VAL,2025-04
JUPUSDT,2024-01-31 18:00:00+00:00,2024-02-01 18:00:00+00:00,16498393.4226825,-0.13422398568286475,-0.3363739928817109,0.5740315184959002,DISC,2024-01
KAIAUSDT,2024-12-04 14:00:00+00:00,2024-12-05 14:00:00+00:00,3847536.096,-0.15938965428377494,-0.33006151430683106,-0.7991780602093754,DISC,2024-12
KAITOUSDT,2025-02-20 13:00:00+00:00,2025-02-21 13:00:00+00:00,45277590.53911833,0.3656503029170348,-0.17075546141603115,-0.7214905332057979,DISC,2025-02
KATUSDT,2026-03-02 05:00:00+00:00,2026-03-03 05:00:00+00:00,1964031.1083078,-0.6765658727070134,-0.8852224074871602,-1.0051614199898227,HOLD,2026-03
KDAUSDT,2024-09-18 13:00:00+00:00,2024-09-19 13:00:00+00:00,2552238.51584478,-0.011872614975444673,-0.1631854998324202,-0.30873557627243126,DISC,2024-09
KERNELUSDT,2025-04-14 12:00:00+00:00,2025-04-15 12:00:00+00:00,11807235.776701,-0.4619402919445934,-0.7463877471085647,-1.0867930845224076,VAL,2025-04
KGENUSDT,2025-10-07 14:00:00+00:00,2025-10-08 14:00:00+00:00,8339159.66828116,0.026146251553878175,0.3634253170730184,0.013866260867463787,VAL,2025-10
KITEUSDT,2025-10-29 10:00:00+00:00,2025-10-30 10:00:00+00:00,10333292.07909,-0.5513427109984534,-0.007114761818209914,-0.1599703413422504,VAL,2025-10
KMNOUSDT,2024-12-20 19:00:00+00:00,2024-12-21 19:00:00+00:00,1204346.92566496,-0.07490035698135888,-0.3765905438065391,-0.5378489255340404,DISC,2024-12
KOMAUSDT,2024-12-10 12:00:00+00:00,2024-12-11 12:00:00+00:00,9037094.24628,-0.3881545159577853,-0.4598540128538062,-1.1141177726022111,DISC,2024-12
LABUSDT,2025-10-17 14:00:00+00:00,2025-10-18 14:00:00+00:00,3073769.78618112,0.13706063299292737,-0.43643416409508395,-0.4651721652364418,VAL,2025-10
LAUSDT,2025-06-05 09:00:00+00:00,2025-06-06 09:00:00+00:00,14756203.11596467,-0.6073046717575764,-1.1469581793728922,-1.6333913401805062,VAL,2025-06
LAYERUSDT,2025-02-11 15:00:00+00:00,2025-02-12 15:00:00+00:00,31876758.1794872,-0.4019236015845342,0.39564991367724706,0.8816018030958207,DISC,2025-02
LIGHTUSDT,2025-09-27 11:00:00+00:00,2025-09-28 11:00:00+00:00,6250046.98145186,-0.09931412997027894,0.8305237495755085,0.3531164973768274,VAL,2025-09
LINEAUSDT,2025-09-01 08:00:00+00:00,2025-09-02 08:00:00+00:00,8697977.763566,-0.3431939089474536,-0.44791843726597236,-1.0862939746382687,VAL,2025-09
LISTAUSDT,2024-06-20 12:00:00+00:00,2024-06-21 12:00:00+00:00,20698329.02424485,0.12516977353543524,-0.18404390317588804,-0.48947725950804466,DISC,2024-06
LOKAUSDT,2024-09-24 11:00:00+00:00,2024-09-25 11:00:00+00:00,2408642.63717729,-0.22783608895300866,-0.3461097738032566,-0.5530778078939049,DISC,2024-09
LSKUSDT,2024-01-25 14:00:00+00:00,2024-01-26 14:00:00+00:00,1827647.16,0.06596958954988538,-0.12752945003559404,0.008912594978765287,DISC,2024-01
LUMIAUSDT,2024-12-18 11:00:00+00:00,2024-12-19 11:00:00+00:00,2864657.27725999,-0.15916316486792148,-0.4328119406052544,-1.0868845077449887,DISC,2024-12
LYNUSDT,2025-10-06 07:00:00+00:00,2025-10-07 07:00:00+00:00,9827728.25287205,-0.47079360984409013,-0.8649066045037315,-1.2074015880713902,VAL,2025-10
MAGMAUSDT,2025-12-31 13:00:00+00:00,2026-01-01 13:00:00+00:00,839648.5098498,0.15681650341399345,-0.1781058701971343,0.09577893111675628,VAL,2025-12
MANTAUSDT,2024-01-18 14:00:00+00:00,2024-01-19 14:00:00+00:00,20344755.42868551,0.2997317338401885,0.04601569816561446,-0.2068788744691198,DISC,2024-01
MANTRAUSDT,2026-03-04 08:00:00+00:00,2026-03-05 08:00:00+00:00,10173778.22603758,-0.27788970514383404,-0.6422994628228986,-0.8655389701233496,HOLD,2026-03
MAVIAUSDT,2024-02-21 10:00:00+00:00,2024-02-22 10:00:00+00:00,2070094.44475477,-0.3483618934899235,-0.3446011436290548,-0.773513796115598,DISC,2024-02
MBOXUSDT,2024-08-28 09:00:00+00:00,2024-08-29 09:00:00+00:00,6986000.025664871,-0.19728214992850956,-0.21171523009456483,-0.3224210677699313,DISC,2024-08
MEGAUSDT,2026-01-30 12:00:00+00:00,2026-01-31 12:00:00+00:00,2212796.070906,0.15621545195710285,0.19241248907639497,0.09125269346729459,HOLD,2026-01
MELANIAUSDT,2025-01-20 09:00:00+00:00,2025-01-21 09:00:00+00:00,36452658.39474014,-0.5820158308887902,-1.2204130820135308,-1.613038377319336,DISC,2025-01
MEMEFIUSDT,2025-04-25 07:00:00+00:00,2025-04-26 07:00:00+00:00,6697172.78042328,0.46448379817561847,-0.6230568764632229,-0.9887909209153625,VAL,2025-04
MERLUSDT,2025-05-29 08:00:00+00:00,2025-05-30 08:00:00+00:00,1540458.38582,-0.25643808111054867,-0.4081587731177314,-0.23173052884816903,VAL,2025-05
METISUSDT,2024-03-12 08:00:00+00:00,2024-03-13 08:00:00+00:00,5729688.96052722,-0.21564279899067174,-0.39720133625003395,-0.655483277179659,DISC,2024-03
METUSDT,2025-10-11 12:00:00+00:00,2025-10-12 12:00:00+00:00,1652539.474794,-0.270081481266973,-1.2004390928773427,-1.4419276683513167,VAL,2025-10
MEUSDT,2024-12-10 17:00:00+00:00,2024-12-11 17:00:00+00:00,32442387.33233826,-0.5317832689635762,-0.5347693696422486,-0.9938365901102189,DISC,2024-12
MEWUSDT,2024-06-17 14:00:00+00:00,2024-06-18 14:00:00+00:00,4776470.68222935,-0.042302606419535316,-0.11361327891547202,0.12052639550929811,DISC,2024-06
MILKUSDT,2025-05-06 13:00:00+00:00,2025-05-07 13:00:00+00:00,1752846.31518,-0.1480087589080057,-0.6632813395053891,-0.9938098509089568,VAL,2025-05
MIRAUSDT,2025-09-26 12:00:00+00:00,2025-09-27 12:00:00+00:00,22089772.673717007,-0.8646013921978295,-1.5202720722016745,-1.7861290999359927,VAL,2025-09
MITOUSDT,2025-08-28 16:00:00+00:00,2025-08-29 16:00:00+00:00,13396525.4413056,-0.22504607134096544,-0.469128394526821,-0.7420443660305256,VAL,2025-08
MLNUSDT,2025-03-31 08:00:00+00:00,2025-04-01 08:00:00+00:00,3206656.54059777,-0.2577653119807324,-0.4035169123551392,-0.6341980396213169,DISC,2025-03
MMTUSDT,2025-11-04 12:00:00+00:00,2025-11-05 12:00:00+00:00,24427462.03178525,-0.9381995250957947,-1.4712278788514972,-1.454233291296127,VAL,2025-11
MOCAUSDT,2024-12-16 11:00:00+00:00,2024-12-17 11:00:00+00:00,6572980.1764,0.7509160526037639,0.45740670402048855,0.053515262708617506,DISC,2024-12
MONUSDT,2025-10-10 07:00:00+00:00,2025-10-11 07:00:00+00:00,1638009.884874,-0.26563311018994096,-0.35460640675006383,-1.0496894866518165,VAL,2025-10
