sig,seg,n,rho,t,sharpe,bh_sharpe,maxdd,bh_maxdd,in_mkt
S1_mvrv,DISC,41,-0.13362369337979096,-0.8420309104437967,0.03434758315709763,1.4552755202873076,-0.8867553148553723,-0.9399844090352256,0.29517326732673266
S1_mvrv,VAL,36,0.0362934362934363,0.2117647968102812,0.013577330888500865,1.2622689308296369,-0.5768029114207992,-0.7936483452638048,0.2427007299270073
S1_mvrv,HOLD,40,0.075234521575985,0.46509487894850254,0.8173198565145836,0.5779556430597514,-0.46303110976750284,-0.6388103105366605,0.275
S2_exflow,DISC,53,0.014513788098693758,0.1036600975109898,1.5872219598393569,1.4552755202873076,-0.8002908458615963,-0.9399844090352256,0.5779702970297029
S2_exflow,VAL,36,-0.08108108108108109,-0.47434164902525694,1.4800787409282172,1.2622689308296369,-0.6756443836421926,-0.7936483452638048,0.6706204379562044
S2_exflow,HOLD,40,-0.1178236397748593,-0.7314082929612782,-0.04610319734936846,0.5779556430597514,-0.8264215435824371,-0.6388103105366605,0.6943548387096774
S3_exsupply,DISC,51,-0.015294117647058821,-0.10707134679300045,1.6050659232884656,1.4552755202873076,-0.7254531119026364,-0.9399844090352256,0.5241336633663366
S3_exsupply,VAL,36,0.14954954954954955,0.8819342569486187,1.0418471229472448,1.2622689308296369,-0.7981149514890666,-0.7936483452638048,0.7025547445255474
S3_exsupply,HOLD,40,-0.2155722326454034,-1.3608734875100497,-0.1869399903416815,0.5779556430597514,-0.7056587400784555,-0.6388103105366605,0.36370967741935484
S4_hashribbon,DISC,52,0.1760437121147443,1.2645665842520855,1.4223531594030323,1.4552755202873076,-0.6014299564247331,-0.9399844090352256,0.22772277227722773
S4_hashribbon,VAL,33,-0.15274064171122995,-0.860520989560163,0.40064873487479485,1.2622689308296369,-0.5308834242173617,-0.7936483452638048,0.3604014598540146
S4_hashribbon,HOLD,0,,,,,,,
S5_stable,DISC,3,,,,,,,
S5_stable,VAL,36,0.2370656370656371,1.4228794458424159,1.724388860305986,1.2622689308296369,-0.49333156847371695,-0.7936483452638048,0.3795620437956204
S5_stable,HOLD,40,-0.16510318949343342,-1.0319262613141202,0.2120501826593495,0.5779556430597514,-0.5575594115631985,-0.6388103105366605,0.275
S6_activity,DISC,42,-0.31804553925937934,-2.121663032424748,0.5709020756545543,1.4552755202873076,-0.7319579639595093,-0.9399844090352256,0.3155940594059406
S6_activity,VAL,36,0.19562419562419564,1.1631485424289434,1.296964535810283,1.2622689308296369,-0.5666520948392892,-0.7936483452638048,0.4726277372262774
S6_activity,HOLD,40,-0.28874296435272045,-1.859117195235505,0.24291986543728153,0.5779556430597514,-0.7076290289275439,-0.6388103105366605,0.6411290322580645
