tf,target,spearman,r2_vs_symmetric_vol,iters
4h,U,0.14538037771073523,-0.002955167380721768,50.0
4h,Dn,0.1487040025858848,0.020376218837773963,50.0
4h,CL,0.18328660330362462,0.015168294388112069,50.0
4h,CH,0.1819999256560714,0.03180014110242224,50.0
4h,ASYM U+Dn (directional),0.03971981565597209,,
4h,ASYM vs close return,-0.00859891339898604,,
1h,U,0.14820706805065628,0.017993705079141553,50.0
1h,Dn,0.12988573127413539,0.020702868247841844,50.0
1h,CL,0.1867318032152947,0.019712831873128334,50.0
1h,CH,0.16199625052278582,0.027882651219544252,50.0
1h,ASYM U+Dn (directional),0.04457889261219499,,
1h,ASYM vs close return,1.542469297017546e-05,,
