tf,k,m,htf,n,expR,win,t,coins_pos,totR,exp_2018-21,t_2018-21,exp_2022-23,t_2022-23,exp_2024-26,t_2024-26,ACCEPT
15m,1,2,False,228425,-0.25733390722645944,0.3067834081208274,-40.90247934516328,0,-58781.497758204,-0.19721865443122613,-20.157591044020187,-0.3096645229708053,-25.432997715701045,-0.29302727149532243,-27.093782391518083,False
15m,1,2,True,146781,-0.2513206247440269,0.3074648626184588,-31.459441101279502,0,-36889.09262055301,-0.1812504842900453,-14.531704638034643,-0.31989329519055476,-21.128475510978372,-0.28798281251438945,-20.783974597466614,False
15m,1,3,False,208466,-0.24969525166789455,0.23490161465178974,-30.209859806867247,0,-52052.97033419931,-0.19212922327627635,-14.569526930484143,-0.3110558007179671,-19.396670580815318,-0.27450857911655563,-19.78021149509373,False
15m,1,3,True,134686,-0.24110126170792961,0.23606759425627014,-23.034257376604806,0,-32472.964534394207,-0.16913901006731358,-10.158265954410133,-0.31799537259634714,-15.998523048903639,-0.27259512953177667,-15.251627448914341,False
15m,2,2,False,137026,-0.10303546209671462,0.335089691007546,-11.98561702203798,0,-14118.537229264417,-0.07187568462272224,-5.0791174729068675,-0.14416712917379,-8.811615493177674,-0.10871124627363432,-7.6272817738986545,False
15m,2,2,True,94836,-0.09519036200036782,0.3369290142983677,-8.83649784825448,0,-9027.473170666883,-0.04450535239517116,-2.554005107019917,-0.15270814540893252,-7.350241014871299,-0.1126476015628748,-6.260105487346449,False
15m,2,3,False,119965,-0.08977518806851886,0.2782394865169008,-8.005906405389968,0,-10769.880436639865,-0.05041323905723685,-2.7134003241161446,-0.1397402640351425,-6.498741600322751,-0.0983184899058156,-5.362357773503273,False
15m,2,3,True,84069,-0.07776313773273101,0.2792943891327362,-5.613611322867715,0,-6537.469226052963,-0.013374422458746949,-0.5905238545327195,-0.15450483996449393,-5.801518265582139,-0.09655557074956758,-4.223124245510367,False
15m,3,2,False,96534,-0.049615045938934746,0.36698986885449686,-4.961007735411668,0,-4789.538844669127,-0.012277718927351421,-0.7528933275826425,-0.09525717350705652,-4.872312635355374,-0.05852365602325296,-3.5566054837816505,False
15m,3,2,True,72044,-0.04076738748679256,0.36741435789239907,-3.3797831449601916,0,-2937.045664098483,0.014177301174512645,0.7289967282644066,-0.10072290777208132,-4.307270537033747,-0.06034361899246199,-2.9907968229052537,False
15m,3,3,False,88346,-0.03961792204191994,0.3335068933511421,-3.2951645930412305,1,-3500.084940715459,-0.0008392915179678094,-0.04268465220352945,-0.10063124620726112,-4.36892093741944,-0.03893832828315914,-1.9455450849264568,False
15m,3,3,True,65869,-0.02386265598870238,0.3328576416827339,-1.6315088171803704,3,-1571.809287319837,0.040748836191281196,1.705506373200738,-0.10722700574864212,-3.8994955888744185,-0.037558810293581775,-1.5288496766825483,False
1h,1,2,False,58250,-0.11242427639875174,0.32355364806866954,-9.887530852239196,0,-6548.714100227289,-0.06606416661377376,-3.5973732441738884,-0.15315478530625856,-6.7342175214367925,-0.13725563514045905,-7.418806057366562,False
1h,1,2,True,47900,-0.11544441811705068,0.32231732776617955,-9.037255152803906,0,-5529.787627806728,-0.06485529424249142,-3.1582020681731677,-0.16363125193526754,-6.4399492909570135,-0.1397495420592641,-6.650109645312662,False
1h,1,3,False,52618,-0.09427485498601691,0.2505606446463188,-6.3617101583899895,0,-4960.554319654238,-0.02981063546151229,-1.245566279168411,-0.15224840193514705,-5.160292940305537,-0.12669681337210198,-5.225456332560877,False
1h,1,3,True,43393,-0.10207002423687114,0.24851934643836562,-6.192183552357439,0,-4429.12456171055,-0.039197485176032366,-1.4705772413517586,-0.1607503441807543,-4.956357392976335,-0.13211054805964137,-4.855607607278236,False
1h,2,2,False,35558,-0.026304924481540003,0.35392879239552283,-1.7689424579288613,1,-935.3505047145994,0.03359963467090755,1.4046090857726075,-0.060295395966693366,-2.02183640833357,-0.06691922836216366,-2.7475875601884345,False
1h,2,2,True,30690,-0.031165279376463594,0.35232974910394266,-1.9346218494322651,0,-956.4624240636676,0.027074458903418714,1.0519258200972297,-0.0575219168121145,-1.7770439856962799,-0.07702565605221448,-2.8986514596241797,False
1h,2,3,False,31945,0.00961079959120871,0.3108467678822977,0.5204194853910565,4,307.01699294116224,0.0828185113471573,2.7762523951261198,-0.03798423065969865,-1.0323012720226263,-0.03564084854326857,-1.176358061052422,False
1h,2,3,True,27758,0.0031024014592484694,0.307911232797752,0.15644042005182762,4,86.11645970581901,0.07204451358286991,2.25155324391225,-0.0352128522050791,-0.8855811318646297,-0.045773576133407406,-1.411693182660728,False
1h,3,2,False,26591,0.015271206513834713,0.3988567560452785,0.9463243627751107,5,406.0766524093789,0.07143185624528284,2.777767947654892,-0.016836002465550563,-0.5191549070224138,-0.02387754608828419,-0.8930397572266975,False
1h,3,2,True,23991,0.008134523352688624,0.39560668584052355,0.4782418106738297,5,195.15534975435278,0.06666210304018765,2.460623396070142,-0.01669547615367033,-0.4846279482365737,-0.03986430910158327,-1.424516509207922,False
1h,3,3,False,24978,0.03597199454118251,0.37573064296580994,1.9145411741156435,7,898.5084796496567,0.1005242140582713,3.3966850497690606,-0.0112690320921606,-0.2928647148332306,-0.0014792138376082827,-0.0475558818702017,False
1h,3,3,True,22553,0.03739336998057657,0.37343147253137055,1.8724051613489496,5,843.3326731719434,0.10723639840138495,3.357990472713742,-0.004463924157652197,-0.10870407988107608,-0.010842778136301523,-0.3357800896741906,False
