trades,win,avg_win_bp,avg_loss_bp,exp_bp,pf,total_units,maxdd_units,t_daily,worst_bp,tp_share,variant,tf,seg,max_open
75696,0.9999735785246248,136.35946716239678,-1.1956684209367652,136.35583275276923,4316244.0885173865,-14022.637488187456,-20923.492555207027,-1.375482132415696,-1.7771294405304305,1.0,V0,1h,DISC,886
19223,1.0,279.8083979221595,,279.8083979221595,inf,-7312.367094909621,-10935.482051137315,-1.3790495648477148,10.908362852303902,1.0,V0,4h,DISC,440
3080,1.0,706.7775260081311,,706.7775260081311,inf,-2715.1755205845675,-4067.1656156281506,-1.3687588900710679,77.50879954908929,1.0,V0,1d,DISC,183
1416,1.0,235.61909832325273,,235.61909832325273,inf,-541.8382730629553,-800.851725955835,-1.4532228826754814,24.54715378079797,1.0,V1,1h,DISC,6
752,1.0,430.1575575809783,,430.1575575809783,inf,-529.5629901363079,-782.2581281761088,-1.4550926219042262,64.83413119475267,1.0,V1,4h,DISC,6
261,1.0,1019.0672427999884,,1019.0672427999884,inf,-485.1894318495878,-712.1923085933794,-1.4649653477669338,219.14653476476875,1.0,V1,1d,DISC,6
1948,1.0,229.26225483605702,,229.26225483605702,inf,-910.9053315853522,-1338.531273858232,-1.4706364389464424,24.54715378079797,0.9958932238193019,V2,1h,DISC,10
949,1.0,428.5403253892293,,428.5403253892293,inf,-880.6390413663498,-1289.0732325947863,-1.4767131334553802,64.83413119475267,0.9968387776606955,V2,4h,DISC,10
346,1.0,1006.7752907054521,,1006.7752907054521,inf,-808.9187861381236,-1180.6341459894315,-1.4827814716878538,131.44813695871127,1.0,V2,1d,DISC,10
76440,0.4605834641548927,99.31850669212562,-105.7902545650391,-11.32055077669531,0.8016201127056802,-86.74412118061315,-87.19573404559644,-19.974085268674855,-2751.227979274612,0.3013474620617478,V3,1h,DISC,4
19591,0.4831810525241182,202.7542021396137,-210.04815218625512,-10.589876138647822,0.9024485817155249,-20.81225576841912,-21.17992946388058,-4.180879681473302,-1982.1818181818185,0.3159614108519218,V3,4h,DISC,4
3233,0.46210949582431177,508.7634111884572,-519.2814924918445,-44.212180367387155,0.8417130133663411,-14.231364841094898,-15.578405953496675,-2.883431013317602,-4174.652006058266,0.2913702443550881,V3,1d,DISC,3
52871,0.4586067976773657,94.20293709174553,-101.06163983790651,-11.511977512373168,0.7895975497087873,-61.027469786310846,-61.521292617412534,-18.500072425707852,-2751.227979274612,0.3029827315541601,V4,1h,DISC,4
12870,0.48096348096348096,194.31190363217132,-201.20901403916184,-10.977896682087046,0.8948827984233503,-14.147968967492428,-14.147968967492428,-3.8550617465301578,-1982.1818181818185,0.31585081585081587,V4,4h,DISC,4
1950,0.4712820512820513,467.86382779784947,-487.7640409089028,-37.39377868248981,0.8550008289470719,-7.229353771404133,-10.208864600317987,-2.054593809398639,-4174.652006058266,0.29435897435897435,V4,1d,DISC,3
