tf,q,strategy,filter,va_n,va_net,va_t,te_n,te_net,te_t,te_coins,te_2324,te_2526,selected_on_2022,CONFIRMED
4h,0.5,fade,F1 ADX<20,6866,-9.534909546762488,-4.02187461839804,24462,-12.028458610467892,-10.796452693365271,0,-10.74138859160688,-13.431895069249853,False,False
4h,0.5,fade,F2 ADX>25,10129,-2.391045643260585,-0.7034746617377696,37575,-9.585230673583592,-8.020721190891368,0,-9.338952362964726,-9.876720117584892,False,False
4h,0.5,fade,F3 NATR high,5264,8.798029498589948,1.5514061918612327,22126,-7.609904435989913,-4.048324511433505,0,-8.788622165635191,-5.993005434353012,False,False
4h,0.5,fade,F4 NATR low,8334,-14.519129261811214,-6.2979463982109225,27052,-13.63992798593088,-13.829717970118372,0,-12.569585087943477,-14.665185875115458,False,False
4h,0.5,fade,F5 ATR expanding,3812,10.059011559775046,1.436432483660131,16401,-8.210241821840505,-3.7643492555404614,0,-7.95825057908011,-8.552144582890035,False,False
4h,0.5,fade,F6 ATR contracting,6786,-9.803257378345302,-3.4940911094594282,22700,-11.717678617785857,-9.80049838293587,0,-10.344703567087894,-13.300838789590383,False,False
4h,0.5,fade,F7 theory combo,5685,-9.815629247137071,-3.9419302595506114,19638,-12.86389559761579,-10.9865461010861,0,-11.654908872571076,-14.147254170327544,False,False
4h,0.5,breakout,F1 ADX<20,6866,-15.464639791000286,-6.522644508336163,24462,-12.971828277514692,-11.643006790051482,0,-14.258903459917228,-11.568386188345627,False,False
4h,0.5,breakout,F2 ADX>25,10129,-22.6085531491784,-6.652090704676644,37575,-15.41606281891361,-12.899552057705527,0,-15.662787508620097,-15.12404505070975,False,False
4h,0.5,breakout,F3 NATR high,5264,-33.79769336553462,-5.960277444520412,22126,-17.39253981183928,-9.252313070901902,0,-16.21446754674023,-19.00855340134219,False,False
4h,0.5,breakout,F4 NATR low,8334,-10.480086489364322,-4.545746699344048,27052,-11.36029138036731,-11.51803568475738,0,-12.430830261830199,-10.334845762927829,False,False
4h,0.5,breakout,F5 ATR expanding,3812,-35.05760237334611,-5.006735927345849,16401,-16.79238214821129,-7.699067389813812,0,-17.045061531199565,-16.44954571565269,False,False
4h,0.5,breakout,F6 ATR contracting,6786,-15.196023462583387,-5.415886769689875,22700,-13.282611356467843,-11.109066777549431,0,-14.655561311559405,-11.699480122089758,False,False
4h,0.5,breakout,F7 theory combo,2780,-38.90271399333501,-4.395238540098693,12126,-17.719693208177887,-7.415310449029214,0,-17.23332952988429,-18.3831922639432,False,False
4h,0.7,fade,F1 ADX<20,4202,-12.75217629079926,-3.6522838566026805,15211,-13.92674794460444,-9.058409181080876,0,-11.589619402188605,-16.462160830188502,False,False
4h,0.7,fade,F2 ADX>25,6267,-1.876758350030099,-0.4099012257648782,22734,-8.78446250472735,-5.0724371250192455,0,-8.18045651093942,-9.495731631894857,False,False
4h,0.7,fade,F3 NATR high,3229,13.532402660278184,1.7470924471474842,13341,-6.249095701850964,-2.333633760265615,1,-7.943277488127163,-3.907912515673895,False,False
4h,0.7,fade,F4 NATR low,5238,-18.7356775739003,-5.732964305438645,17024,-15.8356834056162,-11.787114246553225,0,-13.821262686656805,-17.747249901260673,False,False
4h,0.7,fade,F5 ATR expanding,2346,16.60151077395475,1.8647832897060268,9916,-5.892470705167556,-2.0109475082174306,1,-6.076128067685246,-5.646105303405339,False,False
4h,0.7,fade,F6 ATR contracting,4212,-11.846734336133935,-3.084078743731777,14390,-12.924991168431667,-7.704099749576362,0,-11.126880196749227,-14.953949695715403,False,False
4h,0.7,fade,F7 theory combo,3495,-12.304996618348895,-3.3297491662008154,12336,-14.544685117270626,-9.10389622194504,0,-12.469487614593834,-16.73822805031518,False,False
4h,0.7,breakout,F1 ADX<20,4202,-12.247032918124438,-3.5074495033001334,15211,-11.073659723027202,-7.202542446943083,0,-13.410942286106048,-8.538079749511706,False,False
4h,0.7,breakout,F2 ADX>25,6267,-23.12297395593205,-5.050510644640008,22734,-16.217196456109864,-9.363961459537084,0,-16.821780221305517,-15.505246953301876,False,False
4h,0.7,breakout,F3 NATR high,3229,-38.53205976261853,-4.9749062317595225,13341,-18.753676976611906,-7.003064840346047,0,-17.060494776703873,-21.093478838295205,False,False
4h,0.7,breakout,F4 NATR low,5238,-6.263488447776885,-1.9164744908240114,17024,-9.16464785046009,-6.821436603057046,0,-11.179479472509172,-7.25269143200962,False,False
4h,0.7,breakout,F5 ATR expanding,2346,-41.60068412954658,-4.673181796447374,9916,-19.11031810273063,-6.52182402638469,0,-18.927651336484093,-19.355354678656624,False,False
4h,0.7,breakout,F6 ATR contracting,4212,-13.152562278354464,-3.4238046765071135,14390,-12.075521260750078,-7.1975845749035505,0,-13.873882124216472,-10.04628075973172,False,False
4h,0.7,breakout,F7 theory combo,1731,-49.939738703132875,-4.622664033734965,7300,-21.294442636507505,-6.492224371643459,0,-18.799460451441025,-24.650205697501196,False,False
1h,0.5,fade,F1 ADX<20,26389,-10.775386896775762,-14.635189486234175,96471,-11.7236518373563,-39.12162281600502,0,-11.012582666420832,-12.550127303635126,False,False
1h,0.5,fade,F2 ADX>25,40460,-9.9115171028695,-14.25946351489985,143915,-12.172036025911947,-35.249482313449576,0,-12.193412025998963,-12.147306079735706,False,False
1h,0.5,fade,F3 NATR high,22933,-9.745191733000214,-7.659991919989296,86628,-11.800564804067625,-21.729781675679792,0,-11.768605966724797,-11.83936892964614,False,False
1h,0.5,fade,F4 NATR low,30040,-11.041040890086972,-21.179522092151643,100665,-12.30601718280332,-45.6721890562807,0,-11.581317323504484,-13.110162626778312,False,False
1h,0.5,fade,F5 ATR expanding,16556,-10.22930016508436,-7.608004145955607,66472,-12.177855911185345,-21.60443671153849,0,-12.217778353603213,-12.131652019953965,False,False
1h,0.5,fade,F6 ATR contracting,22031,-11.2999672206449,-17.289522546442086,84576,-11.937624548139048,-39.52358906132518,0,-11.339766123690833,-12.67822962377374,False,False
1h,0.5,fade,F7 theory combo,20762,-10.714498005177497,-15.16619354882745,73062,-11.654814210000493,-35.12906294689067,0,-11.008715389168291,-12.455398565620708,False,False
1h,0.5,breakout,F1 ADX<20,26389,-14.22419800689445,-19.318424453450405,96471,-13.276516503150114,-44.30330353661426,0,-13.98762033277631,-12.450000753086329,False,False
1h,0.5,breakout,F2 ADX>25,40460,-15.088248318105318,-21.70765838122017,143915,-12.828300506945887,-37.1496419062902,0,-12.806987151492866,-12.852957979393617,False,False
1h,0.5,breakout,F3 NATR high,22933,-15.254522774900764,-11.990819200585623,86628,-13.200022893865246,-24.30651280444836,0,-13.232163679547584,-13.160997848290823,False,False
1h,0.5,breakout,F4 NATR low,30040,-13.958526470361614,-26.775453577956817,100665,-12.694087385054361,-47.11148664954085,0,-13.418830909341564,-11.889893489294806,False,False
1h,0.5,breakout,F5 ATR expanding,16556,-14.770275076295672,-10.985651408046628,66472,-12.822669987104925,-22.7485102599316,0,-12.78284485701721,-12.868761254758049,False,False
1h,0.5,breakout,F6 ATR contracting,22031,-13.699392964354464,-20.960684100436964,84576,-13.0624719324314,-43.247678891650494,0,-13.660329046414992,-12.321868480152187,False,False
1h,0.5,breakout,F7 theory combo,11394,-16.283668316893024,-10.997993775854228,45746,-12.749513096065648,-17.304865477381856,0,-12.23488793953619,-13.37848273262842,False,False
1h,0.7,fade,F1 ADX<20,15875,-12.238763310646958,-12.277513786569324,58489,-12.306334590941423,-29.282757852680014,0,-11.458305753517006,-13.276234161086157,False,False
1h,0.7,fade,F2 ADX>25,24048,-10.58732402320098,-10.588799963603588,85887,-12.221795817120215,-26.61010528524774,0,-12.4195021150298,-11.997345617290682,False,False
1h,0.7,fade,F3 NATR high,13434,-10.353995730194573,-5.671013438458294,50640,-11.558862763884253,-15.547863976038112,0,-11.554297183917837,-11.56428426683357,False,False
1h,0.7,fade,F4 NATR low,18235,-12.351730859429738,-15.998135286622269,62033,-13.042451742221528,-34.4827380747009,0,-12.227464087139701,-13.930263993090897,False,False
1h,0.7,fade,F5 ATR expanding,9732,-11.384892003169528,-5.563366726868962,38595,-12.165015991482827,-16.81269274369638,0,-12.106412195463905,-12.23180378584811,False,False
1h,0.7,fade,F6 ATR contracting,13482,-12.04353119432971,-13.076933034611184,51766,-12.620834432234934,-28.850875505630047,0,-11.819653877580373,-13.60171517574769,False,False
1h,0.7,fade,F7 theory combo,12604,-11.847855987237432,-12.565201124271022,44578,-12.351275594555776,-27.047363050530407,0,-11.293317449587644,-13.644347269447536,False,False
1h,0.7,breakout,F1 ADX<20,15875,-12.760867171131368,-12.800525776178356,58489,-12.693870928431295,-30.205034484036528,0,-13.542050153180451,-11.723799358709206,False,False
1h,0.7,breakout,F2 ADX>25,24048,-14.412528555575342,-14.414156790483935,85887,-12.77865663396204,-27.821796852707692,0,-12.58098215028178,-13.003070716023931,False,False
1h,0.7,breakout,F3 NATR high,13434,-14.645980873299502,-8.021445950618482,50640,-13.441843762628666,-18.08010637976475,0,-13.446589048614298,-13.436208863633196,False,False
1h,0.7,breakout,F4 NATR low,18235,-12.647756434848079,-16.38131851696686,62033,-11.957698131475109,-31.614115879876174,0,-12.772776482968943,-11.069787079862948,False,False
1h,0.7,breakout,F5 ATR expanding,9732,-13.61472070539296,-6.652643034075592,38595,-12.83565386292415,-17.739342521065073,0,-12.894286856942646,-12.768832793069494,False,False
1h,0.7,breakout,F6 ATR contracting,13482,-12.955861190610898,-14.067367084542324,51766,-12.379233044985789,-28.299136594139917,0,-13.180456314478722,-11.398300005942168,False,False
1h,0.7,breakout,F7 theory combo,6676,-16.174960909119548,-7.60026752404966,26529,-13.2282315840587,-14.273784545157586,0,-12.89579119104177,-13.630978852457751,False,False
15m,0.5,fade,F1 ADX<20,105610,-11.792056750484926,-61.11635667400983,388809,-12.157877222332782,-151.63286976766875,0,-11.773117595200347,-12.617040568521277,False,False
15m,0.5,fade,F2 ADX>25,148697,-10.756004485811285,-53.50719342549522,522687,-11.967184179157169,-120.23655463864812,0,-11.907354167311857,-12.036054460338576,False,False
15m,0.5,fade,F3 NATR high,93699,-10.421114410902183,-31.851734993544802,351592,-12.137055184064845,-78.246857403447,0,-12.080185717114135,-12.20298760889862,False,False
15m,0.5,fade,F4 NATR low,109038,-11.609412527668082,-70.68727037764613,363702,-11.954600236358814,-173.05392634560488,0,-11.666083285277752,-12.295740069986605,False,False
15m,0.5,fade,F5 ATR expanding,62646,-10.1061006138705,-27.681919837571655,252858,-12.090501430181723,-70.4334199405358,0,-12.05678095994314,-12.129143606667977,False,False
15m,0.5,fade,F6 ATR contracting,84356,-11.74985907788173,-56.053060465482076,331341,-12.16791611448418,-150.20214848021797,0,-11.898602158101472,-12.498076516516052,False,False
15m,0.5,fade,F7 theory combo,82445,-11.677130945882112,-55.00357725152256,299653,-12.179627224426321,-149.74404826184508,0,-11.834697880885358,-12.605218020588662,False,False
15m,0.5,breakout,F1 ADX<20,105610,-13.207963226787582,-68.45130170600434,388809,-12.842185878229683,-160.1649198511294,0,-13.226935178399325,-12.383034856002588,False,False
15m,0.5,breakout,F2 ADX>25,148697,-14.244010988710315,-70.85869046954345,522687,-13.032918270361941,-130.94127826577926,0,-13.092785194545282,-12.964005499416269,False,False
15m,0.5,breakout,F3 NATR high,93699,-14.578940030612678,-44.56092871398819,351592,-12.86306946673035,-82.92420239564704,0,-12.919952320799267,-12.797121521350798,False,False
15m,0.5,breakout,F4 NATR low,109038,-13.390576442522402,-81.52844440473515,363702,-13.045465838649987,-188.84195539087503,0,-13.334006031931576,-12.70429852365449,False,False
15m,0.5,breakout,F5 ATR expanding,62646,-14.894010521387465,-40.79508864257572,252858,-12.909610753184552,-75.20305495201542,0,-12.943363558294454,-12.870931522357258,False,False
15m,0.5,breakout,F6 ATR contracting,84356,-13.250181888346,-63.2064268177094,331341,-12.832128731282795,-158.39649193610518,0,-13.101463056903231,-12.501943357965335,False,False
15m,0.5,breakout,F7 theory combo,43709,-15.438317673357425,-35.31700974237888,171639,-12.989240985503653,-59.649880696037535,0,-12.838737854919964,-13.173803316555505,False,False
15m,0.7,fade,F1 ADX<20,62289,-12.299124085449897,-46.41682397924155,229405,-12.420372359348683,-113.77243366554582,0,-12.083562673489066,-12.816377776200879,False,False
15m,0.7,fade,F2 ADX>25,85214,-11.04486748059631,-39.08670285308473,302036,-12.082681583319173,-87.84355919972133,0,-12.036426147966713,-12.13522679485164,False,False
15m,0.7,fade,F3 NATR high,53122,-10.72029206286591,-23.016701986688705,201068,-12.364412389258137,-56.27410950001337,0,-12.427979651727643,-12.292791727139154,False,False
15m,0.7,fade,F4 NATR low,64533,-12.010674934726186,-54.81208638425364,215635,-12.157866036064958,-131.43423327920456,0,-11.791874241878816,-12.589793930269327,False,False
15m,0.7,fade,F5 ATR expanding,35279,-10.187223483790337,-21.2115727554413,144822,-12.306136308710672,-49.65953265200253,0,-12.327874876445081,-12.281912734766257,False,False
15m,0.7,fade,F6 ATR contracting,50048,-12.185336056941216,-42.95687835994526,195984,-12.344272718059939,-115.29756999434046,0,-12.136715050305963,-12.596623493200038,False,False
15m,0.7,fade,F7 theory combo,48772,-12.137280837931778,-44.231524126377806,177315,-12.39371020542784,-110.38788742554901,0,-12.064250681710357,-12.795977164098822,False,False
15m,0.7,breakout,F1 ADX<20,62289,-12.700831502733601,-47.930175599325615,229405,-12.579733623381127,-115.23202605200386,0,-12.916523670666315,-12.183751296666117,False,False
15m,0.7,breakout,F2 ADX>25,85214,-13.955187060771967,-49.386876266164236,302036,-12.917460957184181,-93.90777034138723,0,-12.963729577609902,-12.864900767683006,False,False
15m,0.7,breakout,F3 NATR high,53122,-14.279824319355722,-30.659900541797406,201068,-12.635765550624088,-57.50547748502094,0,-12.572150389765467,-12.707440179426698,False,False
15m,0.7,breakout,F4 NATR low,64533,-12.98925369806346,-59.27413529658628,215635,-12.84223798821898,-138.83213187957168,0,-13.208254985756591,-12.410280350094942,False,False
15m,0.7,breakout,F5 ATR expanding,35279,-14.813021232183743,-30.84240543495192,144822,-12.6940465559618,-51.22210533078253,0,-12.672277094131003,-12.718304555606997,False,False
15m,0.7,breakout,F6 ATR contracting,50048,-12.81465005295254,-45.17275133073212,195984,-12.6557980809487,-118.2057546370041,0,-12.863382094596034,-12.403415274196941,False,False
15m,0.7,breakout,F7 theory combo,24451,-15.606187390029163,-26.245011398775,97576,-12.954099082196175,-41.54992191415403,0,-12.769936171160765,-13.174353513898108,False,False
