feat,H,top_bp,t_top,bot_bp,t_bot,ls_bp,t_ls,med_top_bp,skew_top,maxt
mom_1,24,-5.664827521199352,-0.8505271408649514,-4.500512124687478,-0.683404421819824,-1.1643153965118747,-0.10367513495382222,-61.44876698463156,3.02961995973166,0.8505271408649514
mom_4,24,-0.6563787849547246,-0.09662190479379035,8.714161972602245,1.2651301233730583,-9.37054075755697,-0.7870943758568596,-60.36286377822646,2.75643549379883,1.2651301233730583
mom_24,24,-0.5386981123178939,-0.07767411256136063,-3.944637802066027,-0.6245286923657185,3.405939689748132,0.29724132980810664,-65.56978408389206,2.821650388226283,0.6245286923657185
mom_72,24,2.899521309455023,0.39270775766339777,8.129581375711119,1.4269761240972223,-5.230060066256099,-0.4636748563221619,-72.00427296042645,2.929868736198072,1.4269761240972223
mom_168,24,4.905391367382477,0.606961286126177,-4.428727510770554,-0.7963121874491016,9.334118878153033,0.7779046914979586,-72.02561443291015,2.699197635454696,0.7963121874491016
mom_720,24,13.144546960169546,1.4870292394930396,-8.956736616296707,-1.48712148391445,22.10128357646626,1.659942524620903,-61.73170407315635,2.8037769790595797,1.659942524620903
vol24,24,5.384099849924248,0.6913120242045829,0.5555568270284484,0.08245739670933605,4.828543022895795,0.3850566936360645,-83.25460034979096,2.8359614276311356,0.6913120242045829
vol168,24,7.523420386316904,0.8799362993758949,1.4121683323240135,0.19890574849181275,6.111252053992887,0.453770093748037,-81.23114864892533,2.5672996906194427,0.8799362993758949
vol_ratio,24,-1.779514752812775,-0.28654812838343496,4.169795675116768,0.7208911763559683,-5.949310427929545,-0.601831797281263,-54.99466863905336,3.034660917632241,0.7208911763559683
dist_hi_168,24,-1.1829845851867609,-0.17297333140611082,-4.009561595636846,-0.6037539637534483,3.15282444474338,0.26538904633565874,-41.23051575397255,2.7982129114986476,0.6037539637534483
dist_lo_168,24,6.330228255103244,0.8116963591465768,-5.46153167006986,-1.080660626066032,12.74814050909802,1.131420121074724,-81.58428966304223,2.6978488705651946,1.131420121074724
dist_hi_720,24,2.519265406912262,0.29471315620038435,-4.423825197568779,-0.683213417932888,6.94309060448104,0.512128231131876,-36.68105592297119,2.397936363215326,0.683213417932888
doi_1,24,2.280856121145623,0.40835465064243454,2.0349286198987326,0.3476216285093467,0.24592750124689094,0.025621871289247897,-47.49716647086132,3.2977938102775255,0.40835465064243454
doi_4,24,3.0986340915851507,0.5207514182619398,-3.3531146946205843,-0.6013026828030893,6.451748786205732,0.687536687653589,-44.8017256715609,3.6829675440222416,0.687536687653589
doi_24,24,-1.0883670869251516,-0.1840934877872596,12.378356168658046,2.145219482838872,-13.466723255583197,-1.378717404717749,-52.69890575877182,3.07875248328623,2.145219482838872
doi_72,24,0.2527765350724599,0.03806209832682357,2.656540009907633,0.5488757769293608,-2.4037634748351695,-0.2458623687422083,-52.6577087471552,2.886136188918569,0.5488757769293608
oi_z30,24,1.2689489449759284,0.16101169655642,4.097192138861793,0.7622718278651651,-2.8282431938858625,-0.24762579975539495,-52.83072726520871,2.1571092344972143,0.7622718278651651
oi_to_px_24,24,-4.034630745705335,-0.7683443087736922,5.643624016839497,0.9892808126151365,-9.678254762544837,-1.0937377314625671,-46.34418565065964,3.3829477523997107,1.0937377314625671
ls_acc,24,-8.403660517896357,-2.0103147520418396,7.313887129383623,0.9783647260427878,-15.717547647279984,-1.5274521951099036,-30.02110123400355,3.5993937373044065,2.0103147520418396
ls_acc_d24,24,2.254732512178265,0.4218771684808456,1.7581626145128293,0.2830660265508792,0.4965698976654373,0.05072669225896602,-37.79621822296884,3.2988111417200616,0.4218771684808456
ls_acc_z,24,-3.7436707278652395,-0.8444719480488985,5.322965403066657,0.7549654071458763,-9.066636130931899,-0.9160706664441199,-27.68969835970768,1.329040693268238,0.9160706664441199
tt_acc,24,-6.499077869403293,-1.526433118010246,13.0246544384633,1.7125794038656275,-19.523732307866588,-1.8553475889783195,-30.78047636346797,3.902173771594702,1.8553475889783195
tt_acc_d24,24,5.95699982500925,1.096330504061427,6.227019022886312,1.0004860961472193,-0.2700191978770602,-0.027500283662793567,-33.07047257736632,3.112355091368932,1.096330504061427
tt_acc_z,24,-2.616270023682342,-0.4885251963541381,9.352334818266543,1.1584212765098134,-11.968604841948885,-1.0777567578040121,-30.782216510367558,1.1909928115518384,1.1584212765098134
tt_pos,24,-3.999081027677414,-0.8851965669424747,9.745607121631457,1.5305830124059743,-13.74468814930887,-1.5049525314227767,-40.400018668520545,2.8453395909434493,1.5305830124059743
tt_pos_d24,24,-1.1875214322010468,-0.22990125423295546,6.242152458752589,1.1983485115692658,-7.4296738909536355,-0.865753091115213,-44.10946622640438,3.025184394635934,1.1983485115692658
tt_pos_z,24,-4.41080144306306,-0.9198170282448915,7.911457637278058,1.227986934666976,-12.322259080341116,-1.3569777728076111,-34.883190641006415,1.0538897140182453,1.3569777728076111
smr,24,0.8902270548182302,0.1448747630884602,-4.1848214879364445,-0.9102092711349578,5.075048542754675,0.5785886215948961,-47.470542350799874,1.8653910713608248,0.9102092711349578
smr_d24,24,-2.641131412771659,-0.4417603508963699,9.345904416681213,1.622574388714751,-11.987035829452873,-1.2274511847988305,-51.84446189684992,3.1768420711686143,1.622574388714751
taker_1,24,11.9455890045552,2.495481358304657,-0.12322071697643631,-0.026214066820879338,12.06880972153164,1.616279283872319,-29.643596858831746,4.437406845370172,2.495481358304657
taker_24,24,1.8445420061155302,0.37384291387285506,-2.5433568980447463,-0.5327961585686617,4.387898904160273,0.58655402868784,-36.015964906790586,3.4345669332937057,0.58655402868784
taker_z,24,9.611366497957436,1.934906518062743,-1.638649505426598,-0.33396358195928333,11.250016003384033,1.4528840880864642,-26.405389964008382,3.9593147961759843,1.934906518062743
mom24_x_doi24,24,9.789858170507475,1.5794349885451453,1.017533892301034,0.20211291445845084,8.772324278206442,0.9263217298387673,-56.8262907847587,3.4155113382074527,1.5794349885451453
size,24,3.5348910820393584,0.6111228443509122,-4.395015135477343,-0.940810202190164,7.929906217516702,0.9064181790471233,-28.323028929579785,4.5408155168916675,0.940810202190164
mom_1,72,5.24349474305557,0.26930351154315113,6.525646826030286,0.34067217592842264,-1.2821520829747157,-0.04083143055859221,-102.24046177666837,4.102036597563839,0.34067217592842264
mom_4,72,7.939362347143653,0.35716202474262876,39.75737416722053,1.6865153738080363,-31.818011820076865,-0.8103272194085365,-104.3646510406407,2.9201218117035004,1.6865153738080363
mom_24,72,-19.368659605174066,-0.9208159029767459,18.136853873121314,0.9438276638086147,-37.505513478295384,-1.1088570273856706,-112.59949855636151,2.3170439428856726,1.1088570273856706
mom_72,72,-5.036576720174507,-0.21260858350854817,20.078689597310117,1.1121970523114815,-25.115266317484622,-0.6901711684268191,-141.73590869600883,3.3062267271621395,1.1121970523114815
mom_168,72,10.410460506732045,0.4152790168593858,-5.958973472781721,-0.3178619105898115,16.369433979513765,0.4231934509272526,-145.44333371299052,3.3846747152625976,0.4231934509272526
mom_720,72,23.998445130803926,0.9094720506626667,-23.296748311751532,-1.234523825173743,47.29519344255545,1.1505569685490726,-123.83131951869657,3.245496039609266,1.234523825173743
vol24,72,29.279970184439005,1.1294956516479566,-17.0391169712139,-0.8716963478660773,46.31908715565291,1.2086411359569762,-158.94272753848895,3.2402834926846555,1.2086411359569762
vol168,72,30.323976463011658,1.1111286918550525,7.011063173390733,0.35270484239159283,23.312913289620926,0.5697535432446271,-164.00867376430782,3.1811226632327516,1.1111286918550525
vol_ratio,72,18.623703349113704,1.035848384812561,-26.069347957725157,-1.7318519705422328,44.69305130683886,1.724518722746359,-82.56434803460269,2.1241618008231034,1.7318519705422328
dist_hi_168,72,-2.4946055339747666,-0.13004864435028984,16.756243679776606,0.7348258872035374,-17.33290826567992,-0.4945765192949306,-76.10346884202174,1.8514997596615241,0.7348258872035374
dist_lo_168,72,5.298276924113754,0.21123722743870507,-18.281558154981184,-1.0908399169631178,34.39539696499569,0.9432570595614442,-168.03574186637388,3.2741978160946683,1.0908399169631178
dist_hi_720,72,14.93916601280848,0.6437898785560401,-15.645468305212392,-0.6973977514983212,30.584634318020886,0.7407503026026399,-54.20069361779313,2.1365732226311756,0.7407503026026399
doi_1,72,33.57423023893317,1.9882144364994094,17.80646065562432,0.9279877316119194,15.767769583308842,0.537001827270394,-80.21437699329722,3.765138317560729,1.9882144364994094
doi_4,72,15.26811847686827,0.9202516174106266,11.013623775137239,0.6992759715966326,4.254494701731026,0.16756137727547496,-93.5287733344697,3.588742235860235,0.9202516174106266
doi_24,72,4.581604418532911,0.2710698915566766,4.824748506174873,0.302210704411313,-0.24314408764196688,-0.00906114831295647,-102.07954051673457,2.573376435689594,0.302210704411313
doi_72,72,-9.53275650095069,-0.5379906886852821,16.675247754558885,1.1286991625832121,-26.20800425550956,-0.9698175274978206,-103.97760708565674,2.3053033418891116,1.1286991625832121
oi_z30,72,-10.921210004111428,-0.4609946594122252,5.952679512304931,0.3048250606029152,-16.873889516416362,-0.46101222135803704,-108.03887478489955,2.006703810948111,0.46101222135803704
oi_to_px_24,72,7.633380780582941,0.46211352073921647,-3.176338973091081,-0.18973655037810344,10.809719753674031,0.37766245344329097,-90.49901620010199,3.9785508665134355,0.46211352073921647
ls_acc,72,-18.958816918880235,-1.4597192570907909,31.560530736998004,1.36028417767526,-50.51934765587824,-1.566314009960376,-76.16949288183562,3.0856068112417248,1.566314009960376
ls_acc_d24,72,11.700641678351705,0.713232982418974,7.831644877988232,0.4735677482283673,3.8689968003634743,0.15308409858631292,-93.07869885408944,3.178262946045383,0.713232982418974
ls_acc_z,72,-26.528137615214064,-1.9399745111098694,17.399429687433127,0.770931811445385,-43.927567302647205,-1.385625794686497,-82.50475750416349,2.2563071681290685,1.9399745111098694
tt_acc,72,-20.02606880251613,-1.5151760707306592,37.30489592615963,1.5484608785086509,-57.33096472867576,-1.7072830650957134,-72.34500173840037,3.577080675439824,1.7072830650957134
tt_acc_d24,72,-3.9854331387684248,-0.2622668822635808,3.1547453319603083,0.20366676259633673,-7.140178470728734,-0.28759154023214584,-95.96504574136459,2.853489411296976,0.28759154023214584
tt_acc_z,72,-16.74086859905786,-1.0487278232794968,21.62194206998088,0.916089885754363,-38.36281066903874,-1.160459044001819,-76.04812424203661,1.50087397024764,1.160459044001819
tt_pos,72,-14.807346842011135,-1.100358615562148,27.6155292603456,1.4386744672328557,-42.422876102356724,-1.5548641051492529,-85.39297084407396,2.9398381414819705,1.5548641051492529
tt_pos_d24,72,-3.9123331286706633,-0.23136411194236536,15.7749557521644,0.9168287816544033,-19.68728888083506,-0.6788180651070321,-95.51618210113914,3.158646846159053,0.9168287816544033
tt_pos_z,72,-3.1198673123984024,-0.18635485610420666,32.00613389419709,1.7468933494372374,-35.1260012065955,-1.219746855165455,-85.74234295759902,1.1457689486252332,1.7468933494372374
smr,72,18.1897069637368,1.0098144352590663,-25.781982600068176,-1.9099917245656919,43.97168956380498,1.711107461875587,-88.24615880491422,2.4246592807097334,1.9099917245656919
smr_d24,72,-3.1832240291438927,-0.21104274247172697,-6.9357412957220825,-0.3774684252398046,3.7525172665781854,0.13717538413769725,-76.65345744869246,2.921205968389599,0.3774684252398046
taker_1,72,4.228460382842717,0.29796563307280727,-19.72820663363525,-1.3172307924867177,23.95666701647797,1.0435748614794513,-74.4738500801023,2.2275213708039585,1.3172307924867177
taker_24,72,-9.048767961132544,-0.6110533925658014,-4.993757651611563,-0.32924360985961243,-4.055010309520983,-0.1741274157099082,-78.1192291607435,2.5904434919580117,0.6110533925658014
taker_z,72,-11.916913605610517,-0.792153691176306,23.14196551313663,1.350494248856506,-35.05887911874716,-1.2917996628130606,-63.93484476123472,3.0062968927732148,1.350494248856506
mom24_x_doi24,72,20.267871612395947,1.0509015351471678,-5.163772976119537,-0.360265094378732,25.431644588515493,0.8685888666524744,-99.36170617749428,2.4714945315158965,1.0509015351471678
size,72,5.7981605796384965,0.3004789746782009,-11.629210594278485,-0.6776037458529325,17.427371173916985,0.5641697222704698,-50.69081733895416,4.092220092348545,0.6776037458529325
