feat,H,tgt,ic,t,n,q_pos,q_n,abs_t
mom_1,1,xs,-0.011851226996155852,-6.6600748955195535,10930,0,5,6.6600748955195535
mom_1_vn,1,xs,-0.007797913861103937,-5.0495973619676855,10811,0,5,5.0495973619676855
mom_4,1,xs,-0.013838422798105985,-7.639288287479025,10924,0,5,7.639288287479025
mom_4_vn,1,xs,-0.010928818657882212,-6.830639622058285,10808,0,5,6.830639622058285
mom_24,1,xs,-0.01626344381308348,-8.867966675943677,10899,0,5,8.867966675943677
mom_24_vn,1,xs,-0.014014154198050889,-8.511040763106339,10803,0,5,8.511040763106339
mom_72,1,xs,-0.017551402093808878,-9.279760822170616,10851,0,5,9.279760822170616
mom_72_vn,1,xs,-0.01935895599523997,-11.63074170695114,10803,0,5,11.63074170695114
mom_168,1,xs,-0.01653882217462525,-8.56779910366882,10755,0,5,8.56779910366882
mom_168_vn,1,xs,-0.017455751169360732,-10.261716201809588,10755,0,5,10.261716201809588
mom_720,1,xs,-0.011831368935204995,-5.842749426044184,10203,0,5,5.842749426044184
mom_720_vn,1,xs,-0.013189452829802922,-7.376694086784599,10203,0,5,7.376694086784599
vol24,1,xs,-0.038867822679290676,-16.359331774663787,10896,0,5,16.359331774663787
vol_ratio,1,xs,-0.014049131744083005,-9.162579314980361,10794,0,5,9.162579314980361
dist_hi_168,1,xs,0.0024637444106115564,1.1624258987075282,10598,2,5,1.1624258987075282
dist_lo_168,1,xs,-0.02956474611862181,-16.452408209807693,10598,0,5,16.452408209807693
dist_hi_720,1,xs,0.002021907016584344,0.8471230794531807,9494,3,5,0.8471230794531807
doi_1,1,xs,0.0004598272983145711,0.3629487971653642,10930,3,5,0.3629487971653642
doi_4,1,xs,0.00023278058047809954,0.17990668471386337,10924,3,5,0.17990668471386337
doi_24,1,xs,-0.0019651877177078035,-1.4622389022776068,10897,2,5,1.4622389022776068
doi_72,1,xs,-0.003789198998171423,-2.7934546739994515,10849,1,5,2.7934546739994515
oi_z30,1,xs,-0.015285160883323191,-8.777185721846237,9494,0,5,8.777185721846237
oi_to_px_24,1,xs,0.008070263676803035,5.80130198934447,10897,5,5,5.80130198934447
ls_acc,1,xs,0.015799690636889366,10.670572954396356,10930,5,5,10.670572954396356
ls_acc_d24,1,xs,0.005437040460597025,3.888297806527134,10897,5,5,3.888297806527134
ls_acc_z,1,xs,0.007866027519037576,5.037904620681174,9494,5,5,5.037904620681174
tt_acc,1,xs,0.015670635394660525,10.386842664931969,10930,5,5,10.386842664931969
tt_acc_d24,1,xs,0.007760456178422266,5.589520898407167,10897,5,5,5.589520898407167
tt_acc_z,1,xs,0.006891010973635673,4.22269745747144,8945,5,5,4.22269745747144
tt_pos,1,xs,0.0021388777611151166,1.5353270674186834,10929,3,5,1.5353270674186834
tt_pos_d24,1,xs,0.002078022997188098,1.6223940815228228,10895,3,5,1.6223940815228228
tt_pos_z,1,xs,0.0011553709810241226,0.7840012106673157,8774,4,5,0.7840012106673157
smart_minus_retail,1,xs,-0.011199679280689713,-7.962608988536003,10929,0,5,7.962608988536003
smr_d24,1,xs,-0.0026881613513856377,-1.977362066593575,10895,1,5,1.977362066593575
taker_1,1,xs,-0.0016302989200645452,-1.3741741160963483,10930,1,5,1.3741741160963483
taker_24,1,xs,-0.0018913870128442205,-1.5715447300409089,10886,1,5,1.5715447300409089
taker_z,1,xs,-0.0032800632846378503,-2.5037183564659964,9494,1,5,2.5037183564659964
mom24_x_doi24,1,xs,-0.004725125074692806,-3.5826785054523067,10897,1,5,3.5826785054523067
mom24_x_dls24,1,xs,0.001994128351449451,1.4963322672889947,10897,3,5,1.4963322672889947
mom_1,4,xs,-0.006533446927016016,-1.8402362278925344,2731,1,5,1.8402362278925344
mom_1_vn,4,xs,-0.007469667406935993,-2.361948838248415,2702,0,5,2.361948838248415
mom_4,4,xs,-0.01103007509145396,-3.050062093579571,2731,1,5,3.050062093579571
mom_4_vn,4,xs,-0.008747940130923896,-2.6530233393056233,2702,1,5,2.6530233393056233
mom_24,4,xs,-0.024074350584781145,-6.376507479206842,2724,1,5,6.376507479206842
mom_24_vn,4,xs,-0.022665189073769246,-6.71076284454924,2700,1,5,6.71076284454924
mom_72,4,xs,-0.032634212600671925,-8.483792827916641,2712,0,5,8.483792827916641
mom_72_vn,4,xs,-0.03322269720869738,-9.634020156678961,2700,0,5,9.634020156678961
mom_168,4,xs,-0.029178524831752768,-7.208404620561225,2688,0,5,7.208404620561225
mom_168_vn,4,xs,-0.028052921742647275,-7.751070351827854,2688,0,5,7.751070351827854
mom_720,4,xs,-0.01934916022921999,-4.47535834792194,2550,0,5,4.47535834792194
mom_720_vn,4,xs,-0.018783378232950614,-4.842123644089055,2550,0,5,4.842123644089055
vol24,4,xs,-0.05597901665562872,-12.198225000075128,2723,0,5,12.198225000075128
vol_ratio,4,xs,-0.02410328088204543,-7.659480077033301,2698,0,5,7.659480077033301
dist_hi_168,4,xs,0.00018921598330607928,0.04336272819260737,2649,3,5,0.04336272819260737
dist_lo_168,4,xs,-0.04287631760253172,-11.74362364420599,2649,0,5,11.74362364420599
dist_hi_720,4,xs,0.0005021952744392888,0.1010714554235716,2373,2,5,0.1010714554235716
doi_1,4,xs,-0.002485622421271676,-0.9857830670814106,2731,1,5,0.9857830670814106
doi_4,4,xs,0.0010131896457101336,0.3902835612932954,2731,3,5,0.3902835612932954
doi_24,4,xs,-0.005914686783416522,-2.1794627170983776,2724,1,5,2.1794627170983776
doi_72,4,xs,-0.01184501289672131,-4.311934832868543,2712,0,5,4.311934832868543
oi_z30,4,xs,-0.027467503704712144,-7.55020861877811,2373,0,5,7.55020861877811
oi_to_px_24,4,xs,0.009394154493757237,3.3196863323740873,2724,4,5,3.3196863323740873
ls_acc,4,xs,0.023146535900239736,7.254469867225757,2731,5,5,7.254469867225757
ls_acc_d24,4,xs,0.008921430984476774,3.1061482695716687,2724,5,5,3.1061482695716687
ls_acc_z,4,xs,0.011927592162998206,3.6868873262262176,2373,4,5,3.6868873262262176
tt_acc,4,xs,0.022663253285184225,6.989950356651491,2731,5,5,6.989950356651491
tt_acc_d24,4,xs,0.011936169178275632,4.1984056613015275,2724,5,5,4.1984056613015275
tt_acc_z,4,xs,0.011346940463040769,3.3435481485630176,2238,4,5,3.3435481485630176
tt_pos,4,xs,0.00504162634256324,1.7767488432130785,2731,4,5,1.7767488432130785
tt_pos_d24,4,xs,0.003127242745202986,1.19919685685537,2724,3,5,1.19919685685537
tt_pos_z,4,xs,0.0039537272703001804,1.327193933386166,2193,4,5,1.327193933386166
smart_minus_retail,4,xs,-0.014749712784606954,-4.989330354186871,2731,1,5,4.989330354186871
smr_d24,4,xs,-0.0045415154628180845,-1.625581432697242,2724,0,5,1.625581432697242
taker_1,4,xs,-0.004634173408960668,-1.93936388666048,2731,1,5,1.93936388666048
taker_24,4,xs,-0.004243968905240102,-1.7589347182642414,2721,2,5,1.7589347182642414
taker_z,4,xs,-0.004254594537389972,-1.622022053030098,2373,1,5,1.622022053030098
mom24_x_doi24,4,xs,-0.011250559542498727,-4.220244802250796,2724,1,5,4.220244802250796
mom24_x_dls24,4,xs,0.003873153047243225,1.457586555790435,2724,3,5,1.457586555790435
mom_1,24,xs,-0.012908987836696811,-1.53503126901522,454,0,5,1.53503126901522
mom_1_vn,24,xs,-0.012192704259587272,-1.5891504121210105,450,1,5,1.5891504121210105
mom_4,24,xs,-0.014345484032045469,-1.6084210620694892,454,1,5,1.6084210620694892
mom_4_vn,24,xs,-0.013856453894324848,-1.747984592064227,450,1,5,1.747984592064227
mom_24,24,xs,-0.02551370007767531,-2.806080202549126,454,0,5,2.806080202549126
mom_24_vn,24,xs,-0.02373675853110528,-2.8904717418658445,450,0,5,2.8904717418658445
mom_72,24,xs,-0.04403403937390981,-5.014811821691468,452,0,5,5.014811821691468
mom_72_vn,24,xs,-0.04116833518040206,-4.883029969159916,450,0,5,4.883029969159916
mom_168,24,xs,-0.04549291351926859,-4.8915088427867275,448,0,5,4.8915088427867275
mom_168_vn,24,xs,-0.038825632402357244,-4.467539799562854,448,0,5,4.467539799562854
mom_720,24,xs,-0.027699910257398506,-2.510341268407472,425,0,5,2.510341268407472
mom_720_vn,24,xs,-0.025596032213190588,-2.533448948995388,425,1,5,2.533448948995388
vol24,24,xs,-0.07895381771871615,-7.128371777551486,454,0,5,7.128371777551486
vol_ratio,24,xs,-0.024698351583543516,-3.406210524689313,450,0,5,3.406210524689313
dist_hi_168,24,xs,0.007722061952901074,0.7475863144835506,442,4,5,0.7475863144835506
dist_lo_168,24,xs,-0.06561597553399513,-7.809514367555562,442,0,5,7.809514367555562
dist_hi_720,24,xs,0.005931891229367368,0.4753564559110088,396,3,5,0.4753564559110088
doi_1,24,xs,0.001171780149795793,0.19706944826900025,454,3,5,0.19706944826900025
doi_4,24,xs,0.003430015077200162,0.527701045172348,454,4,5,0.527701045172348
doi_24,24,xs,-0.012758304030044831,-1.9706872015970127,454,2,5,1.9706872015970127
doi_72,24,xs,-0.02134563605838512,-3.2955544758787245,452,0,5,3.2955544758787245
oi_z30,24,xs,-0.04147865502833136,-4.719283184295326,396,0,5,4.719283184295326
oi_to_px_24,24,xs,0.005064682937385614,0.7689237976179873,454,4,5,0.7689237976179873
ls_acc,24,xs,0.02841493239634775,3.5251805527696876,454,5,5,3.5251805527696876
ls_acc_d24,24,xs,0.008689796359858764,1.2500082087299802,454,5,5,1.2500082087299802
ls_acc_z,24,xs,0.013345870963524553,1.638287005205859,396,5,5,1.638287005205859
tt_acc,24,xs,0.026314377591354663,3.1645948835322844,454,5,5,3.1645948835322844
tt_acc_d24,24,xs,0.012290722913034192,1.7651660541539038,454,5,5,1.7651660541539038
tt_acc_z,24,xs,0.010025412701804428,1.1889857793215615,375,5,5,1.1889857793215615
tt_pos,24,xs,0.001526381949703572,0.2200362789720282,454,4,5,0.2200362789720282
tt_pos_d24,24,xs,-0.007341020889536757,-1.1632072326548717,454,2,5,1.1632072326548717
tt_pos_z,24,xs,0.0011120866100191318,0.15092877375419933,366,2,5,0.15092877375419933
smart_minus_retail,24,xs,-0.022587410127449664,-3.1069659788156265,454,0,5,3.1069659788156265
smr_d24,24,xs,-0.013469630858641224,-1.927915955683606,454,0,5,1.927915955683606
taker_1,24,xs,0.006522102566859058,1.075665243938059,454,4,5,1.075665243938059
taker_24,24,xs,-0.008643836565954422,-1.4596799015875852,454,1,5,1.4596799015875852
taker_z,24,xs,0.0035454572257743004,0.5306802788457495,396,3,5,0.5306802788457495
mom24_x_doi24,24,xs,-0.014763534088077995,-2.349222115228427,454,1,5,2.349222115228427
mom24_x_dls24,24,xs,0.005164041874919562,0.7937321389541261,454,2,5,0.7937321389541261
mom_1,72,xs,-0.00217887266401068,-0.15331404487586653,151,3,5,0.15331404487586653
mom_1_vn,72,xs,-0.0038397470374967,-0.30835151781492887,150,2,5,0.30835151781492887
mom_4,72,xs,-0.0044722728803403685,-0.28852456385069314,151,1,5,0.28852456385069314
mom_4_vn,72,xs,-0.002271388220197732,-0.16495441294691884,150,2,5,0.16495441294691884
mom_24,72,xs,-0.0196189676487472,-1.3478349067092101,151,2,5,1.3478349067092101
mom_24_vn,72,xs,-0.015005112389995183,-1.107013102763462,150,2,5,1.107013102763462
mom_72,72,xs,-0.04942925626617044,-3.3606903070573995,151,0,5,3.3606903070573995
mom_72_vn,72,xs,-0.044459392366674975,-3.1416291878779448,150,0,5,3.1416291878779448
mom_168,72,xs,-0.05241270701164263,-3.2358229059533734,149,1,5,3.2358229059533734
mom_168_vn,72,xs,-0.04341749444419342,-2.7170934161410907,149,1,5,2.7170934161410907
mom_720,72,xs,-0.020495680570438993,-1.1320148821101796,142,2,5,1.1320148821101796
mom_720_vn,72,xs,-0.020423714293537593,-1.2007537287647891,142,2,5,1.2007537287647891
vol24,72,xs,-0.07575371038248147,-3.871172219611443,151,0,5,3.871172219611443
vol_ratio,72,xs,0.009307800947845378,0.7622550257202071,150,3,5,0.7622550257202071
dist_hi_168,72,xs,0.011330113030311973,0.6474381032918463,147,3,5,0.6474381032918463
dist_lo_168,72,xs,-0.07005554662860096,-4.559895031684131,147,0,5,4.559895031684131
dist_hi_720,72,xs,0.020261307589933015,0.981905778218076,132,3,5,0.981905778218076
doi_1,72,xs,0.0017004686068438197,0.16061426418911148,151,2,5,0.16061426418911148
doi_4,72,xs,0.0021416746935307715,0.21697725911095506,151,3,5,0.21697725911095506
doi_24,72,xs,-0.005275988410029388,-0.47735052863310684,151,2,5,0.47735052863310684
doi_72,72,xs,-0.021318570377114616,-1.8935386453322753,151,1,5,1.8935386453322753
oi_z30,72,xs,-0.044093490713420114,-2.608983084335777,132,0,5,2.608983084335777
oi_to_px_24,72,xs,0.009458568905838122,0.7544928312335394,151,3,5,0.7544928312335394
ls_acc,72,xs,0.017044401616998547,1.1311156508914295,151,4,5,1.1311156508914295
ls_acc_d24,72,xs,-0.012271343285786081,-1.0763297876694768,151,1,5,1.0763297876694768
ls_acc_z,72,xs,-0.011828674554371001,-0.8934233140685288,132,2,5,0.8934233140685288
tt_acc,72,xs,0.013397776763598839,0.8884279145932432,151,2,5,0.8884279145932432
tt_acc_d24,72,xs,-0.005236707203126057,-0.46630491346128783,151,2,5,0.46630491346128783
tt_acc_z,72,xs,-0.012127146498454585,-0.8843333261321827,126,3,5,0.8843333261321827
tt_pos,72,xs,-0.002982108702487387,-0.2635820642418492,151,3,5,0.2635820642418492
tt_pos_d24,72,xs,-0.007326356070855923,-0.630433652232268,151,2,5,0.630433652232268
tt_pos_z,72,xs,-0.010143510187364953,-0.7200484847777293,122,2,5,0.7200484847777293
smart_minus_retail,72,xs,-0.015381917896908707,-1.2187793627275822,151,2,5,1.2187793627275822
smr_d24,72,xs,0.017996064994454226,1.5851412787372552,151,4,5,1.5851412787372552
taker_1,72,xs,0.008954895817960523,0.8673937256298261,151,4,5,0.8673937256298261
taker_24,72,xs,-0.008672851231993428,-0.8483237213297761,151,2,5,0.8483237213297761
taker_z,72,xs,-0.005370662801380843,-0.4705207608012706,132,2,5,0.4705207608012706
mom24_x_doi24,72,xs,-0.0077031256420859355,-0.6739788241304256,151,2,5,0.6739788241304256
mom24_x_dls24,72,xs,-0.0003269351587104324,-0.027282410906658283,151,1,5,0.027282410906658283
