feat,H,ic,t,q_pos,q_n,abs_t
mom_1,1,-0.0035185323413485107,-0.43147180199201673,2,5,0.43147180199201673
mom_4,1,0.001159165106117317,0.13161350098823882,3,5,0.13161350098823882
mom_24,1,-0.0013073813840363286,-0.14356458909533734,3,5,0.14356458909533734
mom_72,1,0.009831189507444467,1.0469917718979302,3,5,1.0469917718979302
mom_168,1,0.0031797534909195546,0.3529282779707254,3,5,0.3529282779707254
mom_720,1,0.00924523279654139,0.8680210174548718,3,5,0.8680210174548718
vol_ratio,1,-0.0014490113778204065,-0.2016556413745333,2,5,0.2016556413745333
dist_hi_168,1,-0.002200846503536435,-0.21829036458773537,1,5,0.21829036458773537
dist_lo_168,1,0.020108094822530672,2.5370009865961887,4,5,2.5370009865961887
dist_hi_720,1,0.00349764934886658,0.29242466049779403,4,5,0.29242466049779403
doi_1,1,-0.005877980109168057,-1.7010181515847247,2,5,1.7010181515847247
doi_4,1,-0.0033550311638384372,-0.8860167128717044,2,5,0.8860167128717044
doi_24,1,-0.004688443907331852,-0.9930048662027833,2,5,0.9930048662027833
doi_72,1,-0.00794218916872142,-1.6337268378384124,0,5,1.6337268378384124
oi_z30,1,0.0021173639694827312,0.20195857519200247,4,5,0.20195857519200247
oi_to_px_24,1,-0.00039399088493136927,-0.059587180964955674,2,5,0.059587180964955674
ls_acc,1,-0.011221439674046516,-2.02450981431474,0,5,2.02450981431474
ls_acc_d24,1,-0.0010047364655194158,-0.23941000059515136,2,5,0.23941000059515136
ls_acc_z,1,-0.01471342318264383,-2.51852677430872,1,5,2.51852677430872
tt_acc,1,-0.004959195849929652,-0.8740635618168591,2,5,0.8740635618168591
tt_acc_d24,1,0.007435888800279585,1.6607116164094866,5,5,1.6607116164094866
tt_acc_z,1,-0.006936800099473419,-1.162265530453129,2,5,1.162265530453129
tt_pos,1,-0.0009997611450125357,-0.14181547900236638,3,5,0.14181547900236638
tt_pos_d24,1,0.004135171780632816,0.8582105928528521,3,5,0.8582105928528521
tt_pos_z,1,-0.0004935056464010466,-0.06136527397111996,4,5,0.06136527397111996
smr,1,0.008047540341997441,1.6285383405460727,4,5,1.6285383405460727
smr_d24,1,0.0030723888613972176,0.8054430532840655,3,5,0.8054430532840655
taker_1,1,0.005622432993574633,1.6360273540580732,4,5,1.6360273540580732
taker_24,1,0.0014081000761742564,0.36737080343377626,3,5,0.36737080343377626
taker_z,1,0.008044556029672748,2.052948321028065,5,5,2.052948321028065
mom24_x_doi24,1,0.005546776538644095,1.3168791167891571,5,5,1.3168791167891571
mom_1,4,0.02315570271787027,1.5817704162540454,4,5,1.5817704162540454
mom_4,4,0.009614138382201577,0.6417677326525598,3,5,0.6417677326525598
mom_24,4,0.014919176452451575,0.9007436005693971,3,5,0.9007436005693971
mom_72,4,0.021209745489413897,1.26480311333564,4,5,1.26480311333564
mom_168,4,0.009096404644957212,0.5386859572698907,4,5,0.5386859572698907
mom_720,4,0.02117112259775057,1.039963520852468,3,5,1.039963520852468
vol_ratio,4,-0.005980052960784237,-0.4209451223136051,2,5,0.4209451223136051
dist_hi_168,4,0.0013459269840984133,0.07345284341117467,1,5,0.07345284341117467
dist_lo_168,4,0.03998950819290366,2.7037701916334758,4,5,2.7037701916334758
dist_hi_720,4,0.008269771043533986,0.36092455513164234,4,5,0.36092455513164234
doi_1,4,0.0020288276613923515,0.3280543417057194,3,5,0.3280543417057194
doi_4,4,-0.0030183953224237735,-0.4281033249707586,2,5,0.4281033249707586
doi_24,4,-0.002671868039790114,-0.2855830083121135,2,5,0.2855830083121135
doi_72,4,-0.013152594855093153,-1.4394634917496096,0,5,1.4394634917496096
oi_z30,4,0.005754439176626236,0.2857844456170501,4,5,0.2857844456170501
oi_to_px_24,4,-0.009872983349062088,-0.826289858930078,1,5,0.826289858930078
ls_acc,4,-0.017617258378815677,-1.725271517072638,0,5,1.725271517072638
ls_acc_d24,4,0.002365285717078907,0.292307047530252,2,5,0.292307047530252
ls_acc_z,4,-0.023252784139026504,-2.0903667472711835,1,5,2.0903667472711835
tt_acc,4,-0.005866911360545701,-0.5631178748568906,2,5,0.5631178748568906
tt_acc_d24,4,0.01697496212469221,1.871088721795419,5,5,1.871088721795419
tt_acc_z,4,-0.008903929390937386,-0.7779585688992623,2,5,0.7779585688992623
tt_pos,4,-0.00011322073399622478,-0.00853745728163576,3,5,0.00853745728163576
tt_pos_d24,4,0.011078121541874746,1.1875351970333985,4,5,1.1875351970333985
tt_pos_z,4,-0.00032955172913484807,-0.021076167145254048,4,5,0.021076167145254048
smr,4,0.013209212783233289,1.390058429263436,4,5,1.390058429263436
smr_d24,4,0.0035628820714211896,0.5051504865294847,3,5,0.5051504865294847
taker_1,4,0.00415882378515538,0.6208924111212425,5,5,0.6208924111212425
taker_24,4,0.004558306176695108,0.590710134855088,3,5,0.590710134855088
taker_z,4,0.012041699690532166,1.5719033832269753,3,5,1.5719033832269753
mom24_x_doi24,4,0.00773818006613867,0.8895572978680583,4,5,0.8895572978680583
mom_1,24,-0.05893352255882207,-1.274316876795768,2,5,1.274316876795768
mom_4,24,-0.004011733564044911,-0.11281798324952966,3,5,0.11281798324952966
mom_24,24,0.027869888256443764,0.6199778925059942,2,5,0.6199778925059942
mom_72,24,0.010227115373548227,0.26062475318879946,4,5,0.26062475318879946
mom_168,24,-0.011078673026054269,-0.27670594911730373,2,5,0.27670594911730373
mom_720,24,0.02819906282338561,0.5467965343214649,3,5,0.5467965343214649
vol_ratio,24,0.006038051478350261,0.1792442630383367,3,5,0.1792442630383367
dist_hi_168,24,-0.041214158313944,-0.9319988359668123,1,5,0.9319988359668123
dist_lo_168,24,0.055147289974193985,1.47100333879266,4,5,1.47100333879266
dist_hi_720,24,-0.017623482121215988,-0.31258946451286557,4,5,0.31258946451286557
doi_1,24,0.002197808797012363,0.14908232324467074,3,5,0.14908232324467074
doi_4,24,0.010913048866263642,0.7004954163136632,3,5,0.7004954163136632
doi_24,24,-0.0032449170743837265,-0.17195364469321756,4,5,0.17195364469321756
doi_72,24,-0.02089583571207311,-0.9674954047701012,1,5,0.9674954047701012
oi_z30,24,-0.0165337169848009,-0.326352417579989,3,5,0.326352417579989
oi_to_px_24,24,-0.01889400803348312,-0.5608986202596205,2,5,0.5608986202596205
ls_acc,24,-0.008335352976993289,-0.36012745826760517,2,5,0.36012745826760517
ls_acc_d24,24,0.005275858361758825,0.2873105395490667,3,5,0.2873105395490667
ls_acc_z,24,-0.02034894568869557,-0.7595367093769244,2,5,0.7595367093769244
tt_acc,24,-0.00242427274025928,-0.10443603818743685,2,5,0.10443603818743685
tt_acc_d24,24,0.02138195567775143,1.0400388685663684,4,5,1.0400388685663684
tt_acc_z,24,-0.011395713108983765,-0.3990122893118344,2,5,0.3990122893118344
tt_pos,24,-0.01407141389683703,-0.4534034872576532,2,5,0.4534034872576532
tt_pos_d24,24,0.004694325162500764,0.2198750014493888,4,5,0.2198750014493888
tt_pos_z,24,-0.01615904937650963,-0.4110758549761276,3,5,0.4110758549761276
smr,24,-0.0033919777023163635,-0.14253974987695264,3,5,0.14253974987695264
smr_d24,24,-0.000598659811658403,-0.033108700713486684,2,5,0.033108700713486684
taker_1,24,0.015315978985439075,0.7644356062979254,4,5,0.7644356062979254
taker_24,24,0.03146143751605355,1.4485830925414336,3,5,1.4485830925414336
taker_z,24,0.019884144531106793,0.7447521484098684,3,5,0.7447521484098684
mom24_x_doi24,24,0.00895150997738588,0.5401793540247181,2,5,0.5401793540247181
