tf,q,levels,trades,fill_sell,fill_buy,both_fill,net_bp,gross_bp,win,t,coins_pos,net_2324,net_2526,sell_bp,buy_bp,beats_band,ACCEPT
4h,0.3,model,107348,0.6557194850875693,0.6553530862991279,0.3357800630205916,-9.829939343234072,-0.8299393432340723,0.4571952900845847,-15.039321382584776,0,-8.950287290783365,-10.846792452890544,-13.325643834057855,-6.33228045268751,True,False
4h,0.3,ATR-band,109757,0.6733921199833899,0.6671022741151469,0.3684872615354552,-9.864146347917597,-0.8641463479175967,0.4552511457128019,-15.712144017108386,0,-9.221613468198395,-10.60511253202192,-13.415889294409823,-6.27891540930799,False,False
4h,0.5,model,76865,0.46954004738757665,0.46923471506387554,0.11241114829380297,-9.984337199928115,-0.9843371999281145,0.4615104403824888,-11.414989411865,0,-9.276989204281321,-10.791144926833137,-14.667613918297363,-5.298013060477159,True,False
4h,0.5,ATR-band,78301,0.4797870001709861,0.4765260509538582,0.13691101394758054,-10.242868462374169,-1.2428684623741688,0.4587170023371349,-11.888731969440208,0,-9.66852710933613,-10.896518543016198,-14.991670946344591,-5.461569111314523,False,False
4h,0.7,model,47017,0.28572998851950465,0.28850240601871074,0.02564791519089377,-10.750818154920436,-1.7508181549204358,0.4643001467554289,-8.64357350057391,0,-9.103534290723658,-12.613792876788736,-16.793147647395873,-4.7665535508876316,True,False
4h,0.7,ATR-band,47919,0.29194655463005936,0.2933022301472923,0.03590708126725128,-10.859392739722816,-1.859392739722817,0.4645130324088566,-8.734736470870233,0,-10.163208084027588,-11.648007466093619,-17.536846313024782,-4.21280309923936,False,False
1h,0.3,model,422342,0.6492260743531254,0.6422053976039188,0.31310505941278277,-11.6337716521539,-2.6337716521538996,0.3778146620511339,-64.52834649398542,0,-11.19192944417991,-12.14902383522769,-12.5763040542966,-10.680935357602651,False,False
1h,0.3,ATR-band,428538,0.6585706684931842,0.6518068457713877,0.3376193301002342,-11.616274350098838,-2.6162743500988377,0.37776579906566043,-67.92509041094596,0,-11.24610784330217,-12.045418605170518,-12.618638551600803,-10.603508579779946,False,False
1h,0.5,model,298179,0.45990325164967555,0.4518643321489509,0.09023526605796339,-11.966382773588725,-2.9663827735887254,0.37438920916630614,-49.06495507445109,0,-11.681720696770386,-12.292726055314684,-13.279554508102386,-10.62984897857744,False,False
1h,0.5,ATR-band,302135,0.46624815768391054,0.4576160276913104,0.11258462422867348,-11.699643078748945,-2.6996430787489456,0.375547354659341,-48.47455913728644,0,-11.47357823329104,-11.958199963844152,-12.905113796055828,-10.47143325418972,False,False
1h,0.7,model,179302,0.2762006396888397,0.27206651296195505,0.017463016077839,-12.344561573522455,-3.344561573522455,0.3776087271753801,-36.903028540776575,0,-12.129604445652689,-12.58660180083428,-14.006480320467519,-10.657389506590095,False,False
1h,0.7,ATR-band,183636,0.2841936923989555,0.2773259049517787,0.027422225212057463,-11.996626915478318,-2.996626915478318,0.381167091419983,-35.76646845496902,0,-11.599721336728614,-12.446574983995054,-13.408594624227021,-10.549692786597861,False,False
15m,0.3,model,1631933,0.6203831421141899,0.6280938752496865,0.2821612697654955,-12.00880206223932,-3.0088020622393215,0.27052826310884087,-242.34182581646337,0,-11.769671477376306,-12.289699424978757,-12.361820755171461,-11.660117168823948,True,False
15m,0.3,ATR-band,1658430,0.6301495097307938,0.6385984964108637,0.3030641729762481,-12.031596464817797,-3.0315964648177967,0.2710521396742702,-258.8879244395351,0,-11.797856238201522,-12.305106018727413,-12.389708323046305,-11.678222610729843,False,False
15m,0.5,model,1138178,0.43334182516166986,0.43739801199413375,0.07308710091275679,-12.02314154068505,-3.0231415406850504,0.25695629330385933,-177.57603721270092,0,-11.802872796337178,-12.280002688208379,-12.443600781973872,-11.606581405453724,False,False
15m,0.5,ATR-band,1159416,0.44044206469243136,0.4465454706806239,0.09081972154453352,-11.913107414160597,-2.9131074141605975,0.25854654412221323,-186.97209926579706,0,-11.68712346266882,-12.17532944298251,-12.346314885049226,-11.485821044807096,False,False
15m,0.7,model,663970,0.25378479258900544,0.254171897556419,0.011584842927951809,-12.24023361662443,-3.240233616624429,0.2488817265840324,-133.08931962559282,0,-12.065815700713689,-12.440614280682018,-12.853230311851924,-11.62817051817932,False,False
15m,0.7,ATR-band,684495,0.25985683236442336,0.2638020899078063,0.019224428312520702,-12.040929403316532,-3.040929403316532,0.25294560223230267,-128.72072440091665,0,-11.83210322903544,-12.282232883092815,-12.624713094912874,-11.46587641212434,False,False
