config,L,K,R,split,n,mean,sharpe,mdd,t,bh_q_val
L30|K1|R7,30.0,1.0,7.0,DEV,1096,0.004515239393335956,1.335780634544371,-0.8146650754479822,2.314696142294964,0.49053600255024105
L30|K1|R7,30.0,1.0,7.0,VAL,730,0.0011331369037802218,0.487519407046485,-0.7037721111938251,0.6894565573652285,0.49053600255024105
L30|K1|R30,30.0,1.0,30.0,DEV,1096,0.004365557878287861,1.2930482987935283,-0.7078422441707063,2.2406477767506714,0.4704117212563667
L30|K1|R30,30.0,1.0,30.0,VAL,730,0.0021213110072687722,0.8836406379008945,-0.5738156530840809,1.2496565743834582,0.4704117212563667
L30|K2|R7,30.0,2.0,7.0,DEV,1096,0.00522394026078208,1.7817841963412193,-0.741540227318564,3.087549631291017,0.5071957853470037
L30|K2|R7,30.0,2.0,7.0,VAL,730,0.0006396255939156843,0.3507133888585067,-0.5988126334422964,0.4959836310295294,0.5071957853470037
L30|K2|R30,30.0,2.0,30.0,DEV,1096,0.006841726422607568,1.5969845061078285,-0.67218251460081,2.767321055566501,0.4704117212563667
L30|K2|R30,30.0,2.0,30.0,VAL,730,0.002474011558729995,1.0990419329464673,-0.4576360310775657,1.5542800071896359,0.4704117212563667
L30|K3|R7,30.0,3.0,7.0,DEV,1096,0.006337984528523767,1.8878900782363843,-0.7539516153853438,3.271414308728355,0.5464187086660204
L30|K3|R7,30.0,3.0,7.0,VAL,730,0.0002194904874898981,0.13374076358334402,-0.6633443406464425,0.18913800170169887,0.5464187086660204
L30|K3|R30,30.0,3.0,30.0,DEV,1096,0.005721678620143602,1.7138752057295967,-0.6275418409728346,2.969874112923075,0.4704117212563667
L30|K3|R30,30.0,3.0,30.0,VAL,730,0.0025058170590647358,1.1575183972348706,-0.3994999377865207,1.6369782160659219,0.4704117212563667
L60|K1|R7,60.0,1.0,7.0,DEV,1096,0.00860887574216238,1.2269968574046264,-0.7001396291219547,2.1261910967973323,0.6602953915142251
L60|K1|R7,60.0,1.0,7.0,VAL,730,-0.0001902385983373933,-0.08929577267385636,-0.894428003386637,-0.1262832927779525,0.6602953915142251
L60|K1|R30,60.0,1.0,30.0,DEV,1096,0.003622564450219998,1.0622694461451823,-0.8860833983991985,1.8407445994369864,0.819226691619651
L60|K1|R30,60.0,1.0,30.0,VAL,730,-0.001028364504981809,-0.49459411707275047,-0.870544837692129,-0.6994617082342302,0.819226691619651
L60|K2|R7,60.0,2.0,7.0,DEV,1096,0.00663055516187274,1.600894550495142,-0.7455577603980517,2.7740965428175217,0.515997335307923
L60|K2|R7,60.0,2.0,7.0,VAL,730,0.0005091335940494901,0.26357039593413323,-0.744787481390845,0.3727448285700977,0.515997335307923
L60|K2|R30,60.0,2.0,30.0,DEV,1096,0.003151675136773335,1.1941346232777141,-0.7847895953548333,2.069246053132507,0.819226691619651
L60|K2|R30,60.0,2.0,30.0,VAL,730,-0.001113943004388449,-0.6451797780787712,-0.8467937530531197,-0.912421992327862,0.819226691619651
L60|K3|R7,60.0,3.0,7.0,DEV,1096,0.005972718019969285,1.8007410863351643,-0.6976470181581664,3.1203989173220736,0.515997335307923
L60|K3|R7,60.0,3.0,7.0,VAL,730,0.000405476613583118,0.22967104804335217,-0.7007624774903102,0.32480391102735134,0.515997335307923
L60|K3|R30,60.0,3.0,30.0,DEV,1096,0.003228471719329998,1.3142479423981377,-0.7777580076272141,2.2773833993526233,0.819226691619651
L60|K3|R30,60.0,3.0,30.0,VAL,730,-0.00098433334673967,-0.6123931176015659,-0.7933009690458305,-0.8660546524160764,0.819226691619651
L120|K1|R7,120.0,1.0,7.0,DEV,1096,0.005431532414754867,1.3829195714967224,-0.7628545198345403,2.396380449353893,0.5071957853470037
L120|K1|R7,120.0,1.0,7.0,VAL,730,0.0007489160874387484,0.40679502388114325,-0.7816654559331087,0.5752950398785999,0.5071957853470037
L120|K1|R30,120.0,1.0,30.0,DEV,1096,0.003872005778774366,0.9893259506098457,-0.8479625217427942,1.7143450819153503,0.4704117212563667
L120|K1|R30,120.0,1.0,30.0,VAL,730,0.0018858352274338567,0.7802487550709344,-0.6173751001957017,1.1034383714460387,0.4704117212563667
L120|K2|R7,120.0,2.0,7.0,DEV,1096,0.00525044190881472,1.817837183256509,-0.7511126367995258,3.150023743860778,0.49053600255024105
L120|K2|R7,120.0,2.0,7.0,VAL,730,0.0008186247746625096,0.5486862097697935,-0.6060202083849048,0.775959479343531,0.49053600255024105
L120|K2|R30,120.0,2.0,30.0,DEV,1096,0.003764808228492731,1.341656981003214,-0.7656635487540233,2.32487891941219,0.4704117212563667
L120|K2|R30,120.0,2.0,30.0,VAL,730,0.0011212236359654148,0.6393840602997816,-0.5000508361124449,0.9042256096411277,0.4704117212563667
L120|K3|R7,120.0,3.0,7.0,DEV,1096,0.006005917803008159,1.7883562565891953,-0.7756512997981517,3.098937970146602,0.4704117212563667
L120|K3|R7,120.0,3.0,7.0,VAL,730,0.0010046765808215698,0.6664121547921305,-0.5309057914743364,0.9424491074373093,0.4704117212563667
L120|K3|R30,120.0,3.0,30.0,DEV,1096,0.0038474918160572046,1.5255481993183726,-0.7999785350830216,2.643533257278982,0.4704117212563667
L120|K3|R30,120.0,3.0,30.0,VAL,730,0.0011979605770620267,0.7439665144695704,-0.4634316308341876,1.052127534714306,0.4704117212563667
benchmark_equal_weight_bh,,,,DEV,1096,0.00522092922341708,2.0434279438445726,-0.6874951567630534,3.5409367798539138,
benchmark_equal_weight_bh,,,,VAL,730,0.0002351059583940212,0.12871678796806485,-0.7116515378072239,0.18203302724953935,
