survivor,config,split,variant,stop,target,time_exit,mean_net_r
S1,1d|donchian20|adx25,DEV,grid,1.5,2.5,20,0.05875886554003955
S1,1d|donchian20|adx25,DEV,grid,1.5,2.5,30,0.07935767459321585
S1,1d|donchian20|adx25,DEV,grid,1.5,2.5,40,0.07821216240549089
S1,1d|donchian20|adx25,DEV,grid,1.5,3.0,20,0.09826373960999722
S1,1d|donchian20|adx25,DEV,grid,1.5,3.0,30,0.11368068216826745
S1,1d|donchian20|adx25,DEV,grid,1.5,3.0,40,0.11421429738447711
S1,1d|donchian20|adx25,DEV,grid,1.5,3.5,20,0.16923002162945142
S1,1d|donchian20|adx25,DEV,grid,1.5,3.5,30,0.1808365931029742
S1,1d|donchian20|adx25,DEV,grid,1.5,3.5,40,0.1772998464982669
S1,1d|donchian20|adx25,DEV,grid,2.0,2.5,20,0.10388216286388359
S1,1d|donchian20|adx25,DEV,grid,2.0,2.5,30,0.1378367386420704
S1,1d|donchian20|adx25,DEV,grid,2.0,2.5,40,0.1363179933255278
S1,1d|donchian20|adx25,DEV,grid,2.0,3.0,20,0.12892780757790195
S1,1d|donchian20|adx25,DEV,grid,2.0,3.0,30,0.16127089363635122
S1,1d|donchian20|adx25,DEV,grid,2.0,3.0,40,0.16536962193455862
S1,1d|donchian20|adx25,DEV,grid,2.0,3.5,20,0.1920511298372846
S1,1d|donchian20|adx25,DEV,grid,2.0,3.5,30,0.263955927080386
S1,1d|donchian20|adx25,DEV,grid,2.0,3.5,40,0.2869016826045853
S1,1d|donchian20|adx25,DEV,grid,2.5,2.5,20,0.16367163150470437
S1,1d|donchian20|adx25,DEV,grid,2.5,2.5,30,0.19203350845783657
S1,1d|donchian20|adx25,DEV,grid,2.5,2.5,40,0.19280911887934218
S1,1d|donchian20|adx25,DEV,grid,2.5,3.0,20,0.16885696080093826
S1,1d|donchian20|adx25,DEV,grid,2.5,3.0,30,0.19475504733340593
S1,1d|donchian20|adx25,DEV,grid,2.5,3.0,40,0.19960245136320148
S1,1d|donchian20|adx25,DEV,grid,2.5,3.5,20,0.1961465411448857
S1,1d|donchian20|adx25,DEV,grid,2.5,3.5,30,0.2615403206643324
S1,1d|donchian20|adx25,DEV,grid,2.5,3.5,40,0.28363627209484765
S1,1d|donchian20|adx25,DEV,grid,3.0,2.5,20,0.14678975840416567
S1,1d|donchian20|adx25,DEV,grid,3.0,2.5,30,0.17042159382628022
S1,1d|donchian20|adx25,DEV,grid,3.0,2.5,40,0.16105887565847757
S1,1d|donchian20|adx25,DEV,grid,3.0,3.0,20,0.16685187620085756
S1,1d|donchian20|adx25,DEV,grid,3.0,3.0,30,0.19212662521674326
S1,1d|donchian20|adx25,DEV,grid,3.0,3.0,40,0.19370884264144558
S1,1d|donchian20|adx25,DEV,grid,3.0,3.5,20,0.16183959248206334
S1,1d|donchian20|adx25,DEV,grid,3.0,3.5,30,0.2126008658482519
S1,1d|donchian20|adx25,DEV,grid,3.0,3.5,40,0.22915918960380618
S1,1d|donchian20|adx25,DEV,base,2.0,3.0,30,0.16127089363635122
S1,1d|donchian20|adx25,DEV,cost2,2.0,3.0,30,0.15168628564694936
S1,1d|donchian20|adx25,DEV,delay1,2.0,3.0,30,0.17279153068713796
S1,1d|donchian20|adx25,VAL,grid,1.5,2.5,20,0.2154839636203474
S1,1d|donchian20|adx25,VAL,grid,1.5,2.5,30,0.23109482970467418
S1,1d|donchian20|adx25,VAL,grid,1.5,2.5,40,0.2096995169840136
S1,1d|donchian20|adx25,VAL,grid,1.5,3.0,20,0.30726855020812915
S1,1d|donchian20|adx25,VAL,grid,1.5,3.0,30,0.3007911517290869
S1,1d|donchian20|adx25,VAL,grid,1.5,3.0,40,0.2803167890042385
S1,1d|donchian20|adx25,VAL,grid,1.5,3.5,20,0.31680044462632195
S1,1d|donchian20|adx25,VAL,grid,1.5,3.5,30,0.3120044299504333
S1,1d|donchian20|adx25,VAL,grid,1.5,3.5,40,0.2753969405069993
S1,1d|donchian20|adx25,VAL,grid,2.0,2.5,20,0.18966945528351764
S1,1d|donchian20|adx25,VAL,grid,2.0,2.5,30,0.2420549770171477
S1,1d|donchian20|adx25,VAL,grid,2.0,2.5,40,0.22008424518640576
S1,1d|donchian20|adx25,VAL,grid,2.0,3.0,20,0.2709550924038772
S1,1d|donchian20|adx25,VAL,grid,2.0,3.0,30,0.3062231825018295
S1,1d|donchian20|adx25,VAL,grid,2.0,3.0,40,0.28157067790605594
S1,1d|donchian20|adx25,VAL,grid,2.0,3.5,20,0.27117057015731144
S1,1d|donchian20|adx25,VAL,grid,2.0,3.5,30,0.32256079892691436
S1,1d|donchian20|adx25,VAL,grid,2.0,3.5,40,0.3080834746736497
S1,1d|donchian20|adx25,VAL,grid,2.5,2.5,20,0.15847512391385715
S1,1d|donchian20|adx25,VAL,grid,2.5,2.5,30,0.20873617450710893
S1,1d|donchian20|adx25,VAL,grid,2.5,2.5,40,0.18588968992071395
S1,1d|donchian20|adx25,VAL,grid,2.5,3.0,20,0.23730114846549458
S1,1d|donchian20|adx25,VAL,grid,2.5,3.0,30,0.27517576232297714
S1,1d|donchian20|adx25,VAL,grid,2.5,3.0,40,0.2652174330596496
S1,1d|donchian20|adx25,VAL,grid,2.5,3.5,20,0.2230006753166865
S1,1d|donchian20|adx25,VAL,grid,2.5,3.5,30,0.2895697854959663
S1,1d|donchian20|adx25,VAL,grid,2.5,3.5,40,0.27681490218048777
S1,1d|donchian20|adx25,VAL,grid,3.0,2.5,20,0.11310570225950158
S1,1d|donchian20|adx25,VAL,grid,3.0,2.5,30,0.1608625845528894
S1,1d|donchian20|adx25,VAL,grid,3.0,2.5,40,0.1256055283530863
S1,1d|donchian20|adx25,VAL,grid,3.0,3.0,20,0.16789757266634117
S1,1d|donchian20|adx25,VAL,grid,3.0,3.0,30,0.2039141654737744
S1,1d|donchian20|adx25,VAL,grid,3.0,3.0,40,0.17466110933528886
S1,1d|donchian20|adx25,VAL,grid,3.0,3.5,20,0.15932666422289757
S1,1d|donchian20|adx25,VAL,grid,3.0,3.5,30,0.20863687375576007
S1,1d|donchian20|adx25,VAL,grid,3.0,3.5,40,0.1781614374279016
S1,1d|donchian20|adx25,VAL,base,2.0,3.0,30,0.3062231825018295
S1,1d|donchian20|adx25,VAL,cost2,2.0,3.0,30,0.2947826968018243
S1,1d|donchian20|adx25,VAL,delay1,2.0,3.0,30,0.15188654089413378
S2,1d|bb_break|adx25,DEV,grid,1.5,2.5,20,-0.002609773052889737
S2,1d|bb_break|adx25,DEV,grid,1.5,2.5,30,0.02639719743013013
S2,1d|bb_break|adx25,DEV,grid,1.5,2.5,40,-0.0022846192574097115
S2,1d|bb_break|adx25,DEV,grid,1.5,3.0,20,0.02813010371462358
S2,1d|bb_break|adx25,DEV,grid,1.5,3.0,30,0.05509067927331041
S2,1d|bb_break|adx25,DEV,grid,1.5,3.0,40,0.02086541970441796
S2,1d|bb_break|adx25,DEV,grid,1.5,3.5,20,0.035931030043602576
S2,1d|bb_break|adx25,DEV,grid,1.5,3.5,30,0.07031944059698222
S2,1d|bb_break|adx25,DEV,grid,1.5,3.5,40,0.029184927525317823
S2,1d|bb_break|adx25,DEV,grid,2.0,2.5,20,0.10331954932474781
S2,1d|bb_break|adx25,DEV,grid,2.0,2.5,30,0.15794484140342607
S2,1d|bb_break|adx25,DEV,grid,2.0,2.5,40,0.1288634140910154
S2,1d|bb_break|adx25,DEV,grid,2.0,3.0,20,0.11411211578058206
S2,1d|bb_break|adx25,DEV,grid,2.0,3.0,30,0.17222922755004283
S2,1d|bb_break|adx25,DEV,grid,2.0,3.0,40,0.13999877525595583
S2,1d|bb_break|adx25,DEV,grid,2.0,3.5,20,0.1324760821793711
S2,1d|bb_break|adx25,DEV,grid,2.0,3.5,30,0.21474256561364286
S2,1d|bb_break|adx25,DEV,grid,2.0,3.5,40,0.18287015002105284
S2,1d|bb_break|adx25,DEV,grid,2.5,2.5,20,0.12698360425934035
S2,1d|bb_break|adx25,DEV,grid,2.5,2.5,30,0.16328245938516653
S2,1d|bb_break|adx25,DEV,grid,2.5,2.5,40,0.13889967392073324
S2,1d|bb_break|adx25,DEV,grid,2.5,3.0,20,0.13662597662450332
S2,1d|bb_break|adx25,DEV,grid,2.5,3.0,30,0.17423686561301605
S2,1d|bb_break|adx25,DEV,grid,2.5,3.0,40,0.14569992712177207
S2,1d|bb_break|adx25,DEV,grid,2.5,3.5,20,0.15936868704652177
S2,1d|bb_break|adx25,DEV,grid,2.5,3.5,30,0.22453610263870064
S2,1d|bb_break|adx25,DEV,grid,2.5,3.5,40,0.20277984779603198
S2,1d|bb_break|adx25,DEV,grid,3.0,2.5,20,0.1146097252105887
S2,1d|bb_break|adx25,DEV,grid,3.0,2.5,30,0.14167441210783968
S2,1d|bb_break|adx25,DEV,grid,3.0,2.5,40,0.10568015553723134
S2,1d|bb_break|adx25,DEV,grid,3.0,3.0,20,0.13704232280946047
S2,1d|bb_break|adx25,DEV,grid,3.0,3.0,30,0.18439831570138343
S2,1d|bb_break|adx25,DEV,grid,3.0,3.0,40,0.14732856836134633
S2,1d|bb_break|adx25,DEV,grid,3.0,3.5,20,0.14315714286443287
S2,1d|bb_break|adx25,DEV,grid,3.0,3.5,30,0.2136653856539752
S2,1d|bb_break|adx25,DEV,grid,3.0,3.5,40,0.17632974647136
S2,1d|bb_break|adx25,DEV,base,2.0,3.0,30,0.17222922755004283
S2,1d|bb_break|adx25,DEV,cost2,2.0,3.0,30,0.162945633382604
S2,1d|bb_break|adx25,DEV,delay1,2.0,3.0,30,0.23719878192715987
S2,1d|bb_break|adx25,VAL,grid,1.5,2.5,20,0.2692305480919941
S2,1d|bb_break|adx25,VAL,grid,1.5,2.5,30,0.3168225179946842
S2,1d|bb_break|adx25,VAL,grid,1.5,2.5,40,0.3124173430865724
S2,1d|bb_break|adx25,VAL,grid,1.5,3.0,20,0.36031649220979456
S2,1d|bb_break|adx25,VAL,grid,1.5,3.0,30,0.3992580428851031
S2,1d|bb_break|adx25,VAL,grid,1.5,3.0,40,0.378419106969179
S2,1d|bb_break|adx25,VAL,grid,1.5,3.5,20,0.36612165405155744
S2,1d|bb_break|adx25,VAL,grid,1.5,3.5,30,0.4316948948658432
S2,1d|bb_break|adx25,VAL,grid,1.5,3.5,40,0.40392976244556184
S2,1d|bb_break|adx25,VAL,grid,2.0,2.5,20,0.1730717250264097
S2,1d|bb_break|adx25,VAL,grid,2.0,2.5,30,0.21879365821616786
S2,1d|bb_break|adx25,VAL,grid,2.0,2.5,40,0.19517652146033074
S2,1d|bb_break|adx25,VAL,grid,2.0,3.0,20,0.2460191092352549
S2,1d|bb_break|adx25,VAL,grid,2.0,3.0,30,0.31219663581109386
S2,1d|bb_break|adx25,VAL,grid,2.0,3.0,40,0.27647063442306435
S2,1d|bb_break|adx25,VAL,grid,2.0,3.5,20,0.2488666562603441
S2,1d|bb_break|adx25,VAL,grid,2.0,3.5,30,0.32276407906414734
S2,1d|bb_break|adx25,VAL,grid,2.0,3.5,40,0.2851463993599333
S2,1d|bb_break|adx25,VAL,grid,2.5,2.5,20,0.10636443221170498
S2,1d|bb_break|adx25,VAL,grid,2.5,2.5,30,0.13895832692866752
S2,1d|bb_break|adx25,VAL,grid,2.5,2.5,40,0.10477821985489155
S2,1d|bb_break|adx25,VAL,grid,2.5,3.0,20,0.16947540305337855
S2,1d|bb_break|adx25,VAL,grid,2.5,3.0,30,0.2215898955537878
S2,1d|bb_break|adx25,VAL,grid,2.5,3.0,40,0.17765015612932206
S2,1d|bb_break|adx25,VAL,grid,2.5,3.5,20,0.17274193535728785
S2,1d|bb_break|adx25,VAL,grid,2.5,3.5,30,0.222015720009232
S2,1d|bb_break|adx25,VAL,grid,2.5,3.5,40,0.17492406431283983
S2,1d|bb_break|adx25,VAL,grid,3.0,2.5,20,0.09950910665054737
S2,1d|bb_break|adx25,VAL,grid,3.0,2.5,30,0.10404544909687234
S2,1d|bb_break|adx25,VAL,grid,3.0,2.5,40,0.053121526775900464
S2,1d|bb_break|adx25,VAL,grid,3.0,3.0,20,0.12365059693973385
S2,1d|bb_break|adx25,VAL,grid,3.0,3.0,30,0.1274733887533159
S2,1d|bb_break|adx25,VAL,grid,3.0,3.0,40,0.06221089610614711
S2,1d|bb_break|adx25,VAL,grid,3.0,3.5,20,0.12774099499452282
S2,1d|bb_break|adx25,VAL,grid,3.0,3.5,30,0.14529618525476767
S2,1d|bb_break|adx25,VAL,grid,3.0,3.5,40,0.0763235987770069
S2,1d|bb_break|adx25,VAL,base,2.0,3.0,30,0.31219663581109386
S2,1d|bb_break|adx25,VAL,cost2,2.0,3.0,30,0.3008313615370252
S2,1d|bb_break|adx25,VAL,delay1,2.0,3.0,30,0.18528521213235724
S3,1d|donchian20|none,DEV,grid,1.5,2.5,20,0.18357609272445544
S3,1d|donchian20|none,DEV,grid,1.5,2.5,30,0.19552019298072448
S3,1d|donchian20|none,DEV,grid,1.5,2.5,40,0.1914181007043001
S3,1d|donchian20|none,DEV,grid,1.5,3.0,20,0.20490818607133235
S3,1d|donchian20|none,DEV,grid,1.5,3.0,30,0.22676295401566948
S3,1d|donchian20|none,DEV,grid,1.5,3.0,40,0.2262568131889615
S3,1d|donchian20|none,DEV,grid,1.5,3.5,20,0.2604196320214293
S3,1d|donchian20|none,DEV,grid,1.5,3.5,30,0.2824099643763953
S3,1d|donchian20|none,DEV,grid,1.5,3.5,40,0.2825281883731218
S3,1d|donchian20|none,DEV,grid,2.0,2.5,20,0.17677650756849528
S3,1d|donchian20|none,DEV,grid,2.0,2.5,30,0.21097984696149255
S3,1d|donchian20|none,DEV,grid,2.0,2.5,40,0.1948387128182172
S3,1d|donchian20|none,DEV,grid,2.0,3.0,20,0.2043898186235286
S3,1d|donchian20|none,DEV,grid,2.0,3.0,30,0.2523726100052007
S3,1d|donchian20|none,DEV,grid,2.0,3.0,40,0.23633542190349516
S3,1d|donchian20|none,DEV,grid,2.0,3.5,20,0.26237697096864493
S3,1d|donchian20|none,DEV,grid,2.0,3.5,30,0.3404509663860882
S3,1d|donchian20|none,DEV,grid,2.0,3.5,40,0.3300718541850134
S3,1d|donchian20|none,DEV,grid,2.5,2.5,20,0.18270659595892869
S3,1d|donchian20|none,DEV,grid,2.5,2.5,30,0.22273925851347498
S3,1d|donchian20|none,DEV,grid,2.5,2.5,40,0.2107949196703583
S3,1d|donchian20|none,DEV,grid,2.5,3.0,20,0.2029167127752823
S3,1d|donchian20|none,DEV,grid,2.5,3.0,30,0.2403662485112326
S3,1d|donchian20|none,DEV,grid,2.5,3.0,40,0.2308367642024661
S3,1d|donchian20|none,DEV,grid,2.5,3.5,20,0.22942710731257468
S3,1d|donchian20|none,DEV,grid,2.5,3.5,30,0.3030336816474059
S3,1d|donchian20|none,DEV,grid,2.5,3.5,40,0.3140518519987458
S3,1d|donchian20|none,DEV,grid,3.0,2.5,20,0.15932689013908452
S3,1d|donchian20|none,DEV,grid,3.0,2.5,30,0.1998824973753485
S3,1d|donchian20|none,DEV,grid,3.0,2.5,40,0.1780092721905235
S3,1d|donchian20|none,DEV,grid,3.0,3.0,20,0.18852095790573706
S3,1d|donchian20|none,DEV,grid,3.0,3.0,30,0.239641226352158
S3,1d|donchian20|none,DEV,grid,3.0,3.0,40,0.2251710180706816
S3,1d|donchian20|none,DEV,grid,3.0,3.5,20,0.19231438301470533
S3,1d|donchian20|none,DEV,grid,3.0,3.5,30,0.2684392881122782
S3,1d|donchian20|none,DEV,grid,3.0,3.5,40,0.2673454008920675
S3,1d|donchian20|none,DEV,base,2.0,3.0,30,0.2523726100052007
S3,1d|donchian20|none,DEV,cost2,2.0,3.0,30,0.24272204192886213
S3,1d|donchian20|none,DEV,delay1,2.0,3.0,30,0.2602166632613254
S3,1d|donchian20|none,VAL,grid,1.5,2.5,20,0.14382581928132226
S3,1d|donchian20|none,VAL,grid,1.5,2.5,30,0.17739977682754818
S3,1d|donchian20|none,VAL,grid,1.5,2.5,40,0.13540133155919507
S3,1d|donchian20|none,VAL,grid,1.5,3.0,20,0.1721148632133802
S3,1d|donchian20|none,VAL,grid,1.5,3.0,30,0.18199083282805603
S3,1d|donchian20|none,VAL,grid,1.5,3.0,40,0.19224575310206785
S3,1d|donchian20|none,VAL,grid,1.5,3.5,20,0.17415944329774458
S3,1d|donchian20|none,VAL,grid,1.5,3.5,30,0.17625605874014963
S3,1d|donchian20|none,VAL,grid,1.5,3.5,40,0.17709151083456623
S3,1d|donchian20|none,VAL,grid,2.0,2.5,20,0.1439800938027923
S3,1d|donchian20|none,VAL,grid,2.0,2.5,30,0.1951665410907303
S3,1d|donchian20|none,VAL,grid,2.0,2.5,40,0.16779430835890508
S3,1d|donchian20|none,VAL,grid,2.0,3.0,20,0.1467225052911772
S3,1d|donchian20|none,VAL,grid,2.0,3.0,30,0.19599734680360226
S3,1d|donchian20|none,VAL,grid,2.0,3.0,40,0.16814006667449288
S3,1d|donchian20|none,VAL,grid,2.0,3.5,20,0.1554509802242478
S3,1d|donchian20|none,VAL,grid,2.0,3.5,30,0.16980287147061407
S3,1d|donchian20|none,VAL,grid,2.0,3.5,40,0.17447842497652225
S3,1d|donchian20|none,VAL,grid,2.5,2.5,20,0.1401264500553511
S3,1d|donchian20|none,VAL,grid,2.5,2.5,30,0.152633121436285
S3,1d|donchian20|none,VAL,grid,2.5,2.5,40,0.1382984361561859
S3,1d|donchian20|none,VAL,grid,2.5,3.0,20,0.15457334696517885
S3,1d|donchian20|none,VAL,grid,2.5,3.0,30,0.16575096447521512
S3,1d|donchian20|none,VAL,grid,2.5,3.0,40,0.17010332185099516
S3,1d|donchian20|none,VAL,grid,2.5,3.5,20,0.16727086760740242
S3,1d|donchian20|none,VAL,grid,2.5,3.5,30,0.16034070962090602
S3,1d|donchian20|none,VAL,grid,2.5,3.5,40,0.17734727193510685
S3,1d|donchian20|none,VAL,grid,3.0,2.5,20,0.1263204191022498
S3,1d|donchian20|none,VAL,grid,3.0,2.5,30,0.14134752015299154
S3,1d|donchian20|none,VAL,grid,3.0,2.5,40,0.1375559927738695
S3,1d|donchian20|none,VAL,grid,3.0,3.0,20,0.1259580118166192
S3,1d|donchian20|none,VAL,grid,3.0,3.0,30,0.13237521104271321
S3,1d|donchian20|none,VAL,grid,3.0,3.0,40,0.14594739262119624
S3,1d|donchian20|none,VAL,grid,3.0,3.5,20,0.13171831619905203
S3,1d|donchian20|none,VAL,grid,3.0,3.5,30,0.1198618294616514
S3,1d|donchian20|none,VAL,grid,3.0,3.5,40,0.15654531058140406
S3,1d|donchian20|none,VAL,base,2.0,3.0,30,0.19599734680360226
S3,1d|donchian20|none,VAL,cost2,2.0,3.0,30,0.1838950686934391
S3,1d|donchian20|none,VAL,delay1,2.0,3.0,30,0.06793063432057854
