config,tf,family,gate,split,n,mean_net_r,mean_gross_r,pf,win,t_stat,coins_positive,coins_total,bh_q_campaign
4h|ema_pullback|none,4h,ema_pullback,none,DEV,1523,0.0520398135023386,0.0755183143951993,1.1048483087971257,0.458962573867367,1.8109814088353764,5,7,0.7479488206502397
4h|ema_pullback|none,4h,ema_pullback,none,VAL,1120,-0.0019784831857906,0.0296870607440231,0.9962349621921536,0.4401785714285714,-0.0591010138877085,4,7,0.7479488206502397
4h|ema_pullback|adx25,4h,ema_pullback,adx25,DEV,831,0.0829244038759483,0.1043495488576653,1.1788529094003215,0.4789410348977136,2.174866156289326,5,7,0.8544356727173138
4h|ema_pullback|adx25,4h,ema_pullback,adx25,VAL,615,-0.0238287613230167,0.0054507134495608,0.9555430247836932,0.424390243902439,-0.5268026460802286,3,7,0.8544356727173138
4h|ema_pullback|ema200_aligned,4h,ema_pullback,ema200_aligned,DEV,1313,0.067875132455773,0.0912604392879708,1.1391135586738854,0.4668697638994669,2.1944286309134604,7,7,0.6978784980622665
4h|ema_pullback|ema200_aligned,4h,ema_pullback,ema200_aligned,VAL,988,0.0041500909458018,0.0354840081713887,1.0079612259739776,0.444331983805668,0.1165179669927195,3,7,0.6978784980622665
4h|donchian20|none,4h,donchian20,none,DEV,1884,0.1049930450260333,0.1291474880301021,1.2047218196916774,0.4639065817409766,3.861176932820885,7,7,0.22650414710893435
4h|donchian20|none,4h,donchian20,none,VAL,1361,0.041263089413501,0.0732756817479008,1.0769526451670797,0.4452608376193975,1.3033458191109488,3,7,0.22650414710893435
4h|donchian20|adx25,4h,donchian20,adx25,DEV,1065,0.0844246519540124,0.1064743239538046,1.16079572100058,0.4516431924882629,2.3277188503834374,5,7,0.21818621042329187
4h|donchian20|adx25,4h,donchian20,adx25,VAL,779,0.0589656915684783,0.0878290591904037,1.1115210752665576,0.4518613607188703,1.405060727477426,3,7,0.21818621042329187
4h|donchian20|ema200_aligned,4h,donchian20,ema200_aligned,DEV,1539,0.1682748639432783,0.192616779013955,1.3431603619036891,0.4905782975958414,5.5484247713761565,7,7,0.11923510017473594
4h|donchian20|ema200_aligned,4h,donchian20,ema200_aligned,VAL,1087,0.0681660586815168,0.0999212550231354,1.1293049353291773,0.4553817847286108,1.9138208789873623,5,7,0.11923510017473594
4h|donchian55|none,4h,donchian55,none,DEV,1148,0.1308981049124707,0.1545797813105568,1.2532342021971037,0.470383275261324,3.687017708566524,7,7,0.17271387640764507
4h|donchian55|none,4h,donchian55,none,VAL,817,0.0658094111647843,0.0961756870117598,1.122944582269841,0.4467564259485924,1.587848137771278,5,7,0.17271387640764507
4h|donchian55|adx25,4h,donchian55,adx25,DEV,800,0.1027748862163093,0.1251110390371158,1.1943049352598174,0.4575,2.4201607071128883,6,7,0.29209115266142843
4h|donchian55|adx25,4h,donchian55,adx25,VAL,583,0.0526573495870828,0.0807940678338169,1.0974969243714006,0.444253859348199,1.0750445551534011,4,7,0.29209115266142843
4h|donchian55|ema200_aligned,4h,donchian55,ema200_aligned,DEV,1093,0.1421383935376004,0.1657429925464109,1.2775602560301451,0.4739249771271729,3.9047633450862977,7,7,0.1344905820579268
4h|donchian55|ema200_aligned,4h,donchian55,ema200_aligned,VAL,764,0.0761449595523793,0.1063518511084948,1.1432735153543143,0.4515706806282722,1.7731048780789134,6,7,0.1344905820579268
4h|bb_break|none,4h,bb_break,none,DEV,1615,0.0996257792810881,0.1243428759985124,1.1946569830832443,0.4625386996904024,3.4069373727777843,7,7,0.17271387640764507
4h|bb_break|none,4h,bb_break,none,VAL,1205,0.0532997585290172,0.0870568067397445,1.0999509727239054,0.4489626556016597,1.5780732827738164,5,7,0.17271387640764507
4h|bb_break|adx25,4h,bb_break,adx25,DEV,793,0.061579022354482,0.0839531543332963,1.11696556426087,0.4451450189155107,1.4823101010343596,5,7,0.22650414710893435
4h|bb_break|adx25,4h,bb_break,adx25,VAL,585,0.0628978887106467,0.0934482701258396,1.1185688942586929,0.4581196581196581,1.2921546473070915,4,7,0.22650414710893435
4h|bb_break|ema200_aligned,4h,bb_break,ema200_aligned,DEV,1242,0.1611709312427222,0.1861090745561095,1.328438636093186,0.4838969404186795,4.792129409053838,7,7,0.1278279294682937
4h|bb_break|ema200_aligned,4h,bb_break,ema200_aligned,VAL,915,0.0708166841346651,0.1045406821576089,1.1347391417999808,0.4601092896174863,1.823849052603956,6,7,0.1278279294682937
4h|adx_trend|none,4h,adx_trend,none,DEV,678,0.0997492989698206,0.1245813028921483,1.1974810021631477,0.4734513274336283,2.224200224788297,7,7,0.7855331905556846
4h|adx_trend|none,4h,adx_trend,none,VAL,501,-0.0116384888232412,0.0219780858643246,0.9790458671006458,0.4251497005988024,-0.2253587304919371,4,7,0.7855331905556846
4h|adx_trend|adx25,4h,adx_trend,adx25,DEV,678,0.0997492989698206,0.1245813028921483,1.1974810021631477,0.4734513274336283,2.224200224788297,7,7,0.7855331905556846
4h|adx_trend|adx25,4h,adx_trend,adx25,VAL,501,-0.0116384888232412,0.0219780858643246,0.9790458671006458,0.4251497005988024,-0.2253587304919371,4,7,0.7855331905556846
4h|adx_trend|ema200_aligned,4h,adx_trend,ema200_aligned,DEV,523,0.1479177445531671,0.1731048474860168,1.304843985041536,0.4894837476099426,2.885859735735582,6,7,0.7807837508790957
4h|adx_trend|ema200_aligned,4h,adx_trend,ema200_aligned,VAL,400,-0.0087345090148889,0.0252209768304184,0.9844251559418268,0.42,-0.1498580314867895,3,7,0.7807837508790957
4h|rsi2_pullback|none,4h,rsi2_pullback,none,DEV,2264,-0.1017598768145437,-0.0784350399707859,0.8212746493488923,0.398851590106007,-4.410906079761651,0,7,0.9962936474391572
4h|rsi2_pullback|none,4h,rsi2_pullback,none,VAL,1713,-0.0719332399190054,-0.0406749661266972,0.872132353929679,0.4197314652656159,-2.677711432131424,2,7,0.9962936474391572
4h|rsi2_pullback|adx25,4h,rsi2_pullback,adx25,DEV,1441,-0.0858766113078161,-0.0642397481775845,0.8452520293645923,0.4066620402498265,-2.988922458708673,0,7,0.9962936474391572
4h|rsi2_pullback|adx25,4h,rsi2_pullback,adx25,VAL,1086,-0.0766761904975043,-0.0472003073142869,0.8644658955482633,0.4208103130755064,-2.27256103599199,2,7,0.9962936474391572
4h|rsi2_pullback|ema200_aligned,4h,rsi2_pullback,ema200_aligned,DEV,1168,0.1105398455296812,0.133392985761615,1.240462420100224,0.4888698630136986,3.4143499082921918,6,7,0.9230612899872318
4h|rsi2_pullback|ema200_aligned,4h,rsi2_pullback,ema200_aligned,VAL,975,-0.0392172539143862,-0.0072488795763108,0.9290059479218546,0.4235897435897436,-1.0871913367173098,1,7,0.9230612899872318
4h|squeeze_break|none,4h,squeeze_break,none,DEV,815,0.0884957771439559,0.1165367669667421,1.170245691363773,0.4588957055214724,2.1416823788736696,6,7,0.8544356727173138
4h|squeeze_break|none,4h,squeeze_break,none,VAL,620,-0.0252999529895905,0.0143490231082075,0.95622847804598,0.4161290322580645,-0.5357251412575903,3,7,0.8544356727173138
4h|squeeze_break|adx25,4h,squeeze_break,adx25,DEV,233,0.0583541795477998,0.0859083327166365,1.109116121769738,0.4549356223175965,0.7534336853930409,4,7,0.8544356727173138
4h|squeeze_break|adx25,4h,squeeze_break,adx25,VAL,183,-0.0478415012324072,-0.0103158153226815,0.9187031096829952,0.4153005464480874,-0.5495442830605127,3,7,0.8544356727173138
4h|squeeze_break|ema200_aligned,4h,squeeze_break,ema200_aligned,DEV,569,0.1753208236690226,0.204099216947603,1.357707917569783,0.4868189806678383,3.5021293957154858,7,7,0.7479488206502397
4h|squeeze_break|ema200_aligned,4h,squeeze_break,ema200_aligned,VAL,423,-0.0027106933743989,0.0373150795041827,0.9952336455275822,0.4302600472813239,-0.047260038402147,4,7,0.7479488206502397
1d|ema_pullback|none,1d,ema_pullback,none,DEV,242,0.0969802859154339,0.1052701214636892,1.2043932737369802,0.4876033057851239,1.344289004162323,5,7,0.8876447900106731
1d|ema_pullback|none,1d,ema_pullback,none,VAL,175,-0.0742645347345932,-0.0628235576283669,0.8678589409753145,0.3942857142857143,-0.883848986231465,2,7,0.8876447900106731
1d|ema_pullback|adx25,1d,ema_pullback,adx25,DEV,171,0.1720195758090562,0.179805953092178,1.391434010918418,0.52046783625731,2.00711851404092,6,7,0.6237682808801566
1d|ema_pullback|adx25,1d,ema_pullback,adx25,VAL,97,0.0329856620714217,0.0438795284196124,1.0661995590836562,0.4432989690721649,0.2932720534614779,4,7,0.6237682808801566
1d|ema_pullback|ema200_aligned,1d,ema_pullback,ema200_aligned,DEV,209,0.0936462203419953,0.1018527528310321,1.190199200707264,0.4784688995215311,1.180956390918756,6,7,0.6351701066629931
1d|ema_pullback|ema200_aligned,1d,ema_pullback,ema200_aligned,VAL,157,0.0223045966786786,0.0338556441563205,1.0429122318484865,0.4331210191082802,0.2474644487737699,6,7,0.6351701066629931
1d|donchian20|none,1d,donchian20,none,DEV,359,0.2523726100052007,0.2620231780815392,1.56119396722253,0.5181058495821727,4.023424896482287,7,7,0.07038142182500584
1d|donchian20|none,1d,donchian20,none,VAL,232,0.1959973468036022,0.2080996249137653,1.4293719968960996,0.5086206896551724,2.5655982033390345,7,7,0.07038142182500584
1d|donchian20|adx25,1d,donchian20,adx25,DEV,257,0.1612708936363512,0.1708555016257531,1.3268168808673944,0.4863813229571984,2.16406364821324,5,7,0.0615507898671453
1d|donchian20|adx25,1d,donchian20,adx25,VAL,134,0.3062231825018295,0.3176636682018346,1.761058456481824,0.5298507462686567,3.082645651781277,5,7,0.0615507898671453
1d|donchian20|ema200_aligned,1d,donchian20,ema200_aligned,DEV,299,0.2789058160701134,0.2885055795177844,1.625158925729601,0.5351170568561873,4.036875704978277,7,7,0.11650251663336092
1d|donchian20|ema200_aligned,1d,donchian20,ema200_aligned,VAL,173,0.1857308194510945,0.1973301289477048,1.41745203921689,0.5202312138728323,2.138310933953287,5,7,0.11650251663336092
1d|donchian55|none,1d,donchian55,none,DEV,240,0.2397969879128681,0.2495850941875444,1.5109177480908402,0.5125,3.075141215514488,7,7,0.12354806998536112
1d|donchian55|none,1d,donchian55,none,VAL,138,0.1866847565516825,0.1981657351953552,1.4007058241249832,0.5072463768115942,1.867914173254159,6,7,0.12354806998536112
1d|donchian55|adx25,1d,donchian55,adx25,DEV,196,0.1240774936228943,0.1338721622318531,1.2386067509670398,0.4693877551020408,1.4352288683623882,5,7,0.11650251663336092
1d|donchian55|adx25,1d,donchian55,adx25,VAL,101,0.2336086307976461,0.244707526112079,1.5353094254655422,0.5148514851485149,2.022702752858158,6,7,0.11650251663336092
1d|donchian55|ema200_aligned,1d,donchian55,ema200_aligned,DEV,231,0.2564049018844168,0.2660917645940044,1.5514375669633031,0.5238095238095238,3.218780468445795,7,7,0.22650414710893435
1d|donchian55|ema200_aligned,1d,donchian55,ema200_aligned,VAL,122,0.1391588640633537,0.150384192270156,1.2915421050344744,0.4918032786885246,1.3237683562082874,5,7,0.22650414710893435
1d|bb_break|none,1d,bb_break,none,DEV,292,0.2594598856497551,0.269176210631845,1.595383087601768,0.5273972602739726,3.780480021305365,7,7,0.11650251663336092
1d|bb_break|none,1d,bb_break,none,VAL,195,0.1790578431177166,0.1913205562685614,1.3645704631916389,0.5076923076923077,2.092554205007821,6,7,0.11650251663336092
1d|bb_break|adx25,1d,bb_break,adx25,DEV,181,0.1722292275500428,0.1815128217174816,1.3704439340544632,0.5027624309392266,1.9903632973182133,5,7,0.07038142182500584
1d|bb_break|adx25,1d,bb_break,adx25,VAL,96,0.3121966358110938,0.3235619100851625,1.6971207521433402,0.5416666666666666,2.5235988915976137,6,7,0.07038142182500584
1d|bb_break|ema200_aligned,1d,bb_break,ema200_aligned,DEV,213,0.2928003611282995,0.3024940277307423,1.671935144453344,0.539906103286385,3.5950844623646256,7,7,0.17271387640764507
1d|bb_break|ema200_aligned,1d,bb_break,ema200_aligned,VAL,135,0.159338525730603,0.1710428704251601,1.327586950374681,0.5037037037037037,1.5754934712323665,5,7,0.17271387640764507
1d|adx_trend|none,1d,adx_trend,none,DEV,108,0.4504051828138387,0.4597187026288473,2.4222883074578143,0.6481481481481481,4.29928221397842,7,7,0.5346047556880205
1d|adx_trend|none,1d,adx_trend,none,VAL,81,0.0678998831539025,0.0800469039224131,1.139546189106272,0.4567901234567901,0.541641885705537,6,7,0.5346047556880205
1d|adx_trend|adx25,1d,adx_trend,adx25,DEV,108,0.4504051828138387,0.4597187026288473,2.4222883074578143,0.6481481481481481,4.29928221397842,7,7,0.5346047556880205
1d|adx_trend|adx25,1d,adx_trend,adx25,VAL,81,0.0678998831539025,0.0800469039224131,1.139546189106272,0.4567901234567901,0.541641885705537,6,7,0.5346047556880205
1d|adx_trend|ema200_aligned,1d,adx_trend,ema200_aligned,DEV,79,0.6685789214332858,0.6779251944103699,3.694369369871119,0.7215189873417721,5.6443922052190825,7,7,0.6038302032182071
1d|adx_trend|ema200_aligned,1d,adx_trend,ema200_aligned,VAL,66,0.0487919048501431,0.0603605942078101,1.1028359284370055,0.4545454545454545,0.3607735361069322,5,7,0.6038302032182071
1d|rsi2_pullback|none,1d,rsi2_pullback,none,DEV,409,-0.2344211474404962,-0.2256502212047969,0.6250027934561434,0.334963325183374,-4.493889704093905,0,7,0.9962936474391572
1d|rsi2_pullback|none,1d,rsi2_pullback,none,VAL,281,-0.1185332617637627,-0.1071124708378328,0.7963639433329983,0.3807829181494662,-1.80279403738332,1,7,0.9962936474391572
1d|rsi2_pullback|adx25,1d,rsi2_pullback,adx25,DEV,304,-0.2195169566896337,-0.2109641049815459,0.643931295470406,0.3289473684210526,-3.618948738651271,0,7,0.9363962619861064
1d|rsi2_pullback|adx25,1d,rsi2_pullback,adx25,VAL,175,-0.1014825631972464,-0.0906735863206839,0.820036342111295,0.3942857142857143,-1.224278718678644,2,7,0.9363962619861064
1d|rsi2_pullback|ema200_aligned,1d,rsi2_pullback,ema200_aligned,DEV,215,-0.0900901782828709,-0.0812516919956686,0.8376564408163523,0.3813953488372093,-1.2101287462776504,1,7,0.8749772728111261
1d|rsi2_pullback|ema200_aligned,1d,rsi2_pullback,ema200_aligned,VAL,155,-0.0583097174919746,-0.0462150336183172,0.8939720904113878,0.4129032258064516,-0.6548899112777588,4,7,0.8749772728111261
1d|squeeze_break|none,1d,squeeze_break,none,DEV,128,0.2902481183934158,0.3013056576242968,1.6600199797029052,0.53125,2.73999672988433,7,7,0.3107905398773672
1d|squeeze_break|none,1d,squeeze_break,none,VAL,106,0.1159413417731398,0.1295521969394658,1.2291017405660345,0.5,1.0135646349073504,5,7,0.3107905398773672
1d|squeeze_break|adx25,1d,squeeze_break,adx25,DEV,47,0.1245245891535924,0.1347461580641019,1.2477476718438587,0.4680851063829787,0.7145125146411019,5,7,0.20202947564372925
1d|squeeze_break|adx25,1d,squeeze_break,adx25,VAL,36,0.2984979188514491,0.3108166171614706,1.6630907700804327,0.5555555555555556,1.470521256585765,4,7,0.20202947564372925
1d|squeeze_break|ema200_aligned,1d,squeeze_break,ema200_aligned,DEV,88,0.3322266946450711,0.342981860240158,1.7910055626926145,0.5454545454545454,2.6103633583171786,6,7,0.5965124942670899
1d|squeeze_break|ema200_aligned,1d,squeeze_break,ema200_aligned,VAL,65,0.0595453024984686,0.0727758249988007,1.1157127019538982,0.4923076923076923,0.4178627161665104,5,7,0.5965124942670899
4h|supertrend|none,4h,supertrend,none,DEV,812,0.038059454388352607,0.06172661046454256,1.0730846307611073,0.4408866995073892,0.9474837115223796,4,7,0.8544356727173138
4h|supertrend|none,4h,supertrend,none,VAL,656,-0.024706068587879396,0.008755737978178833,0.9546709403601645,0.4298780487804878,-0.5593241075473225,3,7,0.8544356727173138
4h|supertrend|adx25,4h,supertrend,adx25,DEV,295,-0.0858296518535778,-0.06518910703618826,0.843229785411413,0.4067796610169492,-1.3630602845800717,2,7,0.8876447900106731
4h|supertrend|adx25,4h,supertrend,adx25,VAL,225,-0.062091578242623346,-0.03135260395448316,0.8846393259581115,0.4311111111111111,-0.851619963997011,1,7,0.8876447900106731
4h|supertrend|ema200_aligned,4h,supertrend,ema200_aligned,DEV,441,0.21834480859461033,0.24356896139374593,1.4860458829099046,0.5192743764172335,3.9489976071371466,7,7,0.8876447900106731
4h|supertrend|ema200_aligned,4h,supertrend,ema200_aligned,VAL,363,-0.05251179792616507,-0.01803558335803105,0.90536438768048,0.4214876033057851,-0.8915182257243992,3,7,0.8876447900106731
4h|keltner_squeeze|none,4h,keltner_squeeze,none,DEV,486,0.09625212138813695,0.12332765823621514,1.1847515741684562,0.46502057613168724,1.7911374313695796,6,7,0.8876447900106731
4h|keltner_squeeze|none,4h,keltner_squeeze,none,VAL,343,-0.048826063586690185,-0.01144718295976743,0.9167527662935312,0.40524781341107874,-0.7721206308927564,3,7,0.8876447900106731
4h|keltner_squeeze|adx25,4h,keltner_squeeze,adx25,DEV,156,0.046533356182921114,0.07333317346109156,1.0846769570561947,0.44871794871794873,0.4875115931074812,4,7,0.6038302032182071
4h|keltner_squeeze|adx25,4h,keltner_squeeze,adx25,VAL,101,0.04214588440472994,0.07961917765356494,1.0760952841561413,0.42574257425742573,0.3523227295956689,4,7,0.6038302032182071
4h|keltner_squeeze|ema200_aligned,4h,keltner_squeeze,ema200_aligned,DEV,371,0.1516242555843633,0.1792030987761349,1.3018977670636322,0.48517520215633425,2.4447963372882917,6,7,0.8544356727173138
4h|keltner_squeeze|ema200_aligned,4h,keltner_squeeze,ema200_aligned,VAL,252,-0.030773263501637668,0.007197338644312925,0.9463884243231182,0.4126984126984127,-0.4179465437524109,2,7,0.8544356727173138
4h|volume_donchian|none,4h,volume_donchian,none,DEV,1596,0.14175665777594515,0.16612504009629694,1.2847388818515155,0.47869674185463656,4.785180937820617,7,7,0.11650251663336092
4h|volume_donchian|none,4h,volume_donchian,none,VAL,1216,0.07392828108433636,0.10633797869529318,1.1411134046564513,0.4564144736842105,2.195201569580456,5,7,0.11650251663336092
4h|volume_donchian|adx25,4h,volume_donchian,adx25,DEV,912,0.12036310356595017,0.14268517224892385,1.2365693151767747,0.4649122807017544,3.0653128608210536,5,7,0.11650251663336092
4h|volume_donchian|adx25,4h,volume_donchian,adx25,VAL,679,0.09025457351989746,0.11968830201764792,1.173280156675366,0.4639175257731959,1.9899085835368626,4,7,0.11650251663336092
4h|volume_donchian|ema200_aligned,4h,volume_donchian,ema200_aligned,DEV,1318,0.19780222939978906,0.22238046176268897,1.4143811642946735,0.5007587253414264,6.035622841846708,7,7,0.10558488403733268
4h|volume_donchian|ema200_aligned,4h,volume_donchian,ema200_aligned,VAL,984,0.08642318903527507,0.1183692232157422,1.166676727181626,0.4603658536585366,2.305886470546211,6,7,0.10558488403733268
1d|supertrend|none,1d,supertrend,none,DEV,125,0.21169041322610066,0.22086105806408116,1.481142985343906,0.512,2.0458669605702675,7,7,0.11650251663336092
1d|supertrend|none,1d,supertrend,none,VAL,105,0.2235853048842932,0.23562063997522142,1.5284702631182632,0.5428571428571428,2.021136471832912,4,7,0.11650251663336092
1d|supertrend|adx25,1d,supertrend,adx25,DEV,54,-0.06801907087970699,-0.05988146284342597,0.8638620454350101,0.42592592592592593,-0.4781840732422568,3,7,0.7108070152585346
1d|supertrend|adx25,1d,supertrend,adx25,VAL,33,0.012610047890278043,0.023166355245267962,1.0254909976341822,0.42424242424242425,0.0655417237146451,4,7,0.7108070152585346
1d|supertrend|ema200_aligned,1d,supertrend,ema200_aligned,DEV,57,0.5219124233509127,0.5315587611661811,2.5480466961894144,0.631578947368421,3.429875276834984,7,7,0.22650414710893435
1d|supertrend|ema200_aligned,1d,supertrend,ema200_aligned,VAL,55,0.193276794726081,0.20469203199937394,1.4922071874014358,0.5818181818181818,1.3418420560495847,5,7,0.22650414710893435
1d|keltner_squeeze|none,1d,keltner_squeeze,none,DEV,71,0.19241567251747785,0.20186221302641447,1.4344269121791138,0.4788732394366197,1.4027031857273462,5,7,0.27308892402645124
1d|keltner_squeeze|none,1d,keltner_squeeze,none,VAL,57,0.1800967268651965,0.19372941303023977,1.3848210829511207,0.5087719298245614,1.1568385832286088,4,7,0.27308892402645124
1d|keltner_squeeze|adx25,1d,keltner_squeeze,adx25,DEV,36,0.09256297392431748,0.10160488136102243,1.2073977588343676,0.4444444444444444,0.5031319752181432,4,7,0.48430619531396707
1d|keltner_squeeze|adx25,1d,keltner_squeeze,adx25,VAL,22,0.17264552608563796,0.18490014715885303,1.3633733707677067,0.45454545454545453,0.6737822910227086,4,7,0.48430619531396707
1d|keltner_squeeze|ema200_aligned,1d,keltner_squeeze,ema200_aligned,DEV,49,0.43977067489367055,0.44886955017401386,2.336704046646803,0.5918367346938775,2.7468495309595564,6,7,0.27308892402645124
1d|keltner_squeeze|ema200_aligned,1d,keltner_squeeze,ema200_aligned,VAL,43,0.2022476150279119,0.21540811368884735,1.4495866131620623,0.5348837209302325,1.1385689247705932,4,7,0.27308892402645124
1d|volume_donchian|none,1d,volume_donchian,none,DEV,269,0.2318332087598966,0.24130768138180114,1.505586601436136,0.516728624535316,3.195092936821248,7,7,0.07038142182500584
1d|volume_donchian|none,1d,volume_donchian,none,VAL,181,0.21973201569904663,0.23174630860433182,1.4864441879509094,0.5138121546961326,2.520157392580354,5,7,0.07038142182500584
1d|volume_donchian|adx25,1d,volume_donchian,adx25,DEV,185,0.1858435403832133,0.19518722242944517,1.389368743412848,0.4972972972972973,2.119643578361884,7,7,0.07038142182500584
1d|volume_donchian|adx25,1d,volume_donchian,adx25,VAL,100,0.31224632948834086,0.3237094688559523,1.7782050870588437,0.53,2.7028726682252873,4,7,0.07038142182500584
1d|volume_donchian|ema200_aligned,1d,volume_donchian,ema200_aligned,DEV,219,0.27580639937124374,0.2851683975138855,1.6230538485514447,0.5342465753424658,3.4273266821446686,7,7,0.11923510017473594
1d|volume_donchian|ema200_aligned,1d,volume_donchian,ema200_aligned,VAL,137,0.18676208041209655,0.19815386288079162,1.4224381241751358,0.5109489051094891,1.9140544275440952,5,7,0.11923510017473594
