config,tf,gate,split,n,mean_net_r,mean_gross_r,pf,t_stat,median_cost_r,coins_positive,bh_q
15m|macd_cross|none,15m,none,DEV,22000,-0.1008887503440386,-0.00020242655289536964,0.8451471345542501,-12.329857861491755,0.09175737752099192,0,1.0
15m|macd_cross|none,15m,none,VAL,16794,-0.15653870698253974,-0.008111807146709395,0.7710679453402738,-16.685970795230617,0.11991857353673381,0,1.0
15m|macd_cross|adx25,15m,adx25,DEV,14010,-0.1212644086399867,-0.02590666293017812,0.8157192607906505,-11.902542850926043,0.08648294552785932,0,1.0
15m|macd_cross|adx25,15m,adx25,VAL,11091,-0.1632789114701825,-0.024752688812651417,0.7611732912069831,-14.235228948530276,0.11246776480991269,0,1.0
15m|macd_cross|ema200_aligned,15m,ema200_aligned,DEV,16808,-0.10606014541038745,0.002804234734441623,0.8391680850129226,-11.26484041202002,0.09869408980548186,0,1.0
15m|macd_cross|ema200_aligned,15m,ema200_aligned,VAL,12593,-0.14736890785346776,0.014619140535866493,0.7850973390606221,-13.477972674234515,0.1328069219096465,0,1.0
1h|macd_cross|none,1h,none,DEV,6055,-0.034817115937641196,0.015063443544511002,0.9403702447742249,-2.3072317522502432,0.04658344060470436,2,1.0
1h|macd_cross|none,1h,none,VAL,4715,-0.04624850801194313,0.023463681797681765,0.9225750562018143,-2.67964118929306,0.057885828188646515,1,1.0
1h|macd_cross|adx25,1h,adx25,DEV,3914,-0.08271612299578275,-0.03502370286171968,0.8617922181203591,-4.475624151095503,0.04365410931740061,0,1.0
1h|macd_cross|adx25,1h,adx25,VAL,3060,-0.04381368146550723,0.021160414814178425,0.9262260223289775,-2.049737069357981,0.055203018689711406,2,1.0
1h|macd_cross|ema200_aligned,1h,ema200_aligned,DEV,4263,-0.013130151176291571,0.03917797185439385,0.9775394804978643,-0.7189426124844979,0.048273307530235704,2,1.0
1h|macd_cross|ema200_aligned,1h,ema200_aligned,VAL,3276,-0.07069392672086179,0.0030270968502022944,0.8854168428022181,-3.392833777076327,0.06048712260853173,0,1.0
