tf,trigger,gate,split,n,mean_net_r,mean_gross_r,win,pf,t_stat,coins_positive,coins_total
4h,rsi_mr,none,DEV,1032,-0.13025888548583003,-0.10848147318179845,0.38856589147286824,0.7728910794332919,-3.8855889085249045,0,7
4h,rsi_mr,none,VAL,736,-0.021560821912158606,0.007262723069989002,0.44021739130434784,0.959185834318152,-0.5291215647787646,3,7
4h,rsi_mr,adx25,DEV,874,-0.1342825355787085,-0.11368328654313853,0.3901601830663616,0.7626780485280074,-3.737197832252383,1,7
4h,rsi_mr,adx25,VAL,649,-0.022659851994872904,0.005373721175455807,0.43605546995377503,0.9571999526741684,-0.5222334705080102,3,7
4h,macd_cross,none,DEV,1733,-0.014400282951858901,0.00915168123970212,0.4293133294864397,0.9728051183713035,-0.5364759174120646,3,7
4h,macd_cross,none,VAL,1287,-0.017845147517899795,0.014219317743422027,0.43045843045843046,0.9668416220115257,-0.5692244510793546,2,7
4h,macd_cross,adx25,DEV,1089,-0.06134253037879917,-0.03941700883182628,0.41414141414141414,0.8857606891729535,-1.857632101534013,2,7
4h,macd_cross,adx25,VAL,775,-0.07696813379442567,-0.04708107322810664,0.4129032258064516,0.8632235954035901,-1.9289286552786848,2,7
4h,bb_break,none,DEV,1615,0.09962577928108812,0.12434287599851242,0.46253869969040246,1.1946569830832445,3.4069373727777843,7,7
4h,bb_break,none,VAL,1205,0.0532997585290172,0.08705680673974459,0.44896265560165977,1.0999509727239054,1.5780732827738164,5,7
4h,bb_break,adx25,DEV,793,0.061579022354482045,0.0839531543332963,0.4451450189155107,1.11696556426087,1.4823101010343596,5,7
4h,bb_break,adx25,VAL,585,0.06289788871064678,0.09344827012583969,0.4581196581196581,1.1185688942586929,1.2921546473070915,4,7
4h,adx_trend,none,DEV,678,0.09974929896982063,0.12458130289214835,0.47345132743362833,1.1974810021631475,2.224200224788297,7,7
4h,adx_trend,none,VAL,501,-0.011638488823241214,0.02197808586432465,0.4251497005988024,0.9790458671006458,-0.22535873049193714,4,7
4h,adx_trend,adx25,DEV,678,0.09974929896982063,0.12458130289214835,0.47345132743362833,1.1974810021631475,2.224200224788297,7,7
4h,adx_trend,adx25,VAL,501,-0.011638488823241214,0.02197808586432465,0.4251497005988024,0.9790458671006458,-0.22535873049193714,4,7
4h,donchian,none,DEV,1884,0.10499304502603335,0.12914748803010212,0.46390658174097665,1.2047218196916774,3.861176932820885,7,7
4h,donchian,none,VAL,1361,0.04126308941350106,0.07327568174790088,0.4452608376193975,1.0769526451670797,1.3033458191109488,3,7
4h,donchian,adx25,DEV,1065,0.08442465195401246,0.10647432395380461,0.4516431924882629,1.1607957210005801,2.3277188503834374,5,7
4h,donchian,adx25,VAL,779,0.058965691568478314,0.08782905919040372,0.45186136071887034,1.1115210752665576,1.405060727477426,3,7
4h,ema_pullback,none,DEV,1523,0.052039813502338654,0.07551831439519939,0.45896257386736705,1.1048483087971257,1.8109814088353764,5,7
4h,ema_pullback,none,VAL,1120,-0.001978483185790679,0.029687060744023108,0.4401785714285714,0.9962349621921536,-0.0591010138877085,4,7
4h,ema_pullback,adx25,DEV,831,0.08292440387594835,0.10434954885766538,0.4789410348977136,1.1788529094003217,2.174866156289326,5,7
4h,ema_pullback,adx25,VAL,615,-0.023828761323016704,0.0054507134495608,0.424390243902439,0.9555430247836932,-0.5268026460802286,3,7
1d,rsi_mr,none,DEV,204,-0.30042190814414027,-0.292143795303309,0.28921568627450983,0.5425954593235034,-4.157506787941401,1,7
1d,rsi_mr,none,VAL,120,-0.072952841717801,-0.0625068451815683,0.4,0.8633004585442626,-0.7379339481310323,3,7
1d,rsi_mr,adx25,DEV,183,-0.2563615710630749,-0.248074737725237,0.3005464480874317,0.6010660946688572,-3.274043258618363,1,7
1d,rsi_mr,adx25,VAL,106,-0.0673918218973842,-0.057139312008005885,0.4056603773584906,0.8726898108600336,-0.6391620120709476,3,7
1d,macd_cross,none,DEV,266,-0.11796741802032047,-0.10961000517862843,0.38345864661654133,0.7918630712533086,-1.7761282737437376,2,7
1d,macd_cross,none,VAL,201,0.10652134556645529,0.11817336822704032,0.47761194029850745,1.2178411617461544,1.319881565013698,5,7
1d,macd_cross,adx25,DEV,196,-0.1903926065829669,-0.18246828392127692,0.35714285714285715,0.6733413231020623,-2.5681678751882013,1,7
1d,macd_cross,adx25,VAL,123,0.13589130565254956,0.14676199339750637,0.4959349593495935,1.2952786674502668,1.3389040148561948,5,7
1d,bb_break,none,DEV,292,0.2594598856497551,0.26917621063184505,0.5273972602739726,1.595383087601768,3.7804800213053653,7,7
1d,bb_break,none,VAL,195,0.17905784311771664,0.19132055626856143,0.5076923076923077,1.3645704631916389,2.092554205007821,6,7
1d,bb_break,adx25,DEV,181,0.17222922755004283,0.18151282171748165,0.5027624309392266,1.3704439340544632,1.9903632973182135,5,7
1d,bb_break,adx25,VAL,96,0.31219663581109386,0.3235619100851625,0.5416666666666666,1.6971207521433402,2.5235988915976137,6,7
1d,adx_trend,none,DEV,108,0.4504051828138387,0.45971870262884734,0.6481481481481481,2.4222883074578143,4.29928221397842,7,7
1d,adx_trend,none,VAL,81,0.0678998831539025,0.08004690392241319,0.4567901234567901,1.1395461891062721,0.541641885705537,6,7
1d,adx_trend,adx25,DEV,108,0.4504051828138387,0.45971870262884734,0.6481481481481481,2.4222883074578143,4.29928221397842,7,7
1d,adx_trend,adx25,VAL,81,0.0678998831539025,0.08004690392241319,0.4567901234567901,1.1395461891062721,0.541641885705537,6,7
1d,donchian,none,DEV,359,0.2523726100052007,0.26202317808153924,0.5181058495821727,1.56119396722253,4.023424896482287,7,7
1d,donchian,none,VAL,232,0.19599734680360226,0.20809962491376538,0.5086206896551724,1.4293719968960996,2.5655982033390345,7,7
1d,donchian,adx25,DEV,257,0.16127089363635122,0.1708555016257531,0.48638132295719844,1.3268168808673944,2.1640636482132396,5,7
1d,donchian,adx25,VAL,134,0.3062231825018295,0.31766366820183467,0.5298507462686567,1.7610584564818241,3.082645651781277,5,7
1d,ema_pullback,none,DEV,242,0.09698028591543398,0.10527012146368923,0.48760330578512395,1.2043932737369802,1.344289004162323,5,7
1d,ema_pullback,none,VAL,175,-0.07426453473459327,-0.06282355762836693,0.3942857142857143,0.8678589409753145,-0.883848986231465,2,7
1d,ema_pullback,adx25,DEV,171,0.1720195758090562,0.17980595309217803,0.52046783625731,1.391434010918418,2.0071185140409202,6,7
1d,ema_pullback,adx25,VAL,97,0.03298566207142171,0.04387952841961246,0.44329896907216493,1.0661995590836562,0.29327205346147794,4,7
