variant,split,sharpe,ann_ret,ann_vol,maxdd,total,maxdd_volmatched,avg_exposure,turnover,dsharpe,dsharpe_lo,dsharpe_hi
V0_h07,val,1.3880918103225786,0.4128175658760944,0.29739932388201307,-0.3986831970154091,8.155611583353213,-0.3986831970154091,0.3276612631212401,0.0564652094171283,,,
V1_ensemble,val,1.3787736002192879,0.37832824178311936,0.27439475322340656,-0.3679756558735121,6.74707405892979,-0.3930131078906606,0.3273580112716043,0.05929051321242545,-0.009318210103290703,-0.3252930461061277,0.2859559230770569
V2_fast_exit,val,1.4281043304708223,0.3705206154101024,0.25944926256749595,-0.28291723345521036,6.573326941958835,-0.31877798127873735,0.24586049853488867,0.07049338264822902,0.040012520148243746,-0.3376886526109594,0.42822642273787714
V3_10coins,val,1.5062287655245707,0.33889318816618563,0.2249945001204117,-0.29901435549852007,5.567119798021148,-0.3790878384866986,0.25570412790429903,0.048938320533931094,0.11813695520199219,-0.5620300245558568,0.8569675510480553
V4_ens_10coins,val,1.3979167679906221,0.2983638179815354,0.21343460842121967,-0.2861105842630154,4.229714434341683,-0.3792342204425291,0.25761482371850286,0.05274077971233924,0.009824957668043588,-0.6292252028059823,0.773757249629585
V0_h07,test,0.8878148984918391,0.24399558127000678,0.27482708578611403,-0.3058380530587087,0.7650164484932447,-0.3058380530587087,0.42477945561438685,0.08259037042147314,,,
V1_ensemble,test,0.9359397757451929,0.2388810504576546,0.25523121962356826,-0.30878497167137176,0.7657735647000108,-0.3293392065554044,0.4166240893860485,0.08127250391080687,0.04812487725335379,-0.5722527172430271,0.5892356646995871
V2_fast_exit,test,0.8641075405839331,0.20545819642234828,0.23776924372573688,-0.2938758498686964,0.6296140673820185,-0.33374780318378283,0.30431629926272374,0.09579239045715135,-0.023707357907906013,-0.7432312595850692,0.7795354614816832
V3_10coins,test,1.2288006482955318,0.25978789262808677,0.21141581670585732,-0.19013441722541058,0.9220193747958176,-0.24274868545506634,0.3767640595356635,0.07099354280512676,0.3409857498036927,-0.561272487590693,1.280676539150284
V4_ens_10coins,test,1.4409926412071605,0.2903301922476577,0.20147930249278706,-0.1678241019433745,1.1024056767234374,-0.22467012581929324,0.370573485679636,0.06996851128375522,0.5531777427153214,-0.5306637071642484,1.5990882152761612
