legs,base_legs,hedge_legs,mean_net_bp,mean_net_base_bp,mean_net_hedge_bp,win_rate,realised_units,mtm_end_units,mtm_max_dd_units,max_open_legs,reasons,split,coin,arm,seed,bars
4800,4800,0,-2.613386033869274,-2.613386033869274,,0.4710416666666667,-1.2544252962572515,-1.2544252962573128,4.080386333910953,15,eod=5;time_exit=4795,DEV,BTCUSDT,B,0,26245
439,399,40,-1375.1525453242587,-1510.2143352434493,-27.911190880328906,0.5056947608200456,-60.369196739734946,-60.369196739734946,95.77415355581682,6,H3_opposite_signal=19;H4_natr_exit=306;eod=6;time_exit=108,DEV,BTCUSDT,H,0,26245
218,184,34,-3130.4605194869396,-3706.2769421966636,-14.277525999019769,0.555045871559633,-68.24403932481528,-68.24403932481526,105.40498059473623,6,H3_opposite_signal=26;H4_natr_exit=159;eod=6;time_exit=27,DEV,BTCUSDT,C,0,26245
186,145,41,-3876.775114363184,-4962.080751447049,-38.49908077390347,0.5806451612903226,-72.10801712715522,-72.10801712715521,111.03124019814088,6,H3_opposite_signal=29;H4_natr_exit=134;eod=6;time_exit=17,DEV,BTCUSDT,C,1,26245
398,358,40,-1411.1980545722804,-1566.533866074618,-20.942541626360402,0.542713567839196,-56.16568257197676,-56.16568257197677,88.20220312410464,6,H3_opposite_signal=33;H4_natr_exit=284;eod=6;time_exit=75,DEV,BTCUSDT,C,2,26245
280,239,41,-2113.912392151266,-2461.090898065,-90.11573572730374,0.5714285714285714,-59.18954698023545,-59.18954698023545,91.75559586825258,6,H3_opposite_signal=34;H4_natr_exit=200;eod=6;time_exit=40,DEV,BTCUSDT,C,3,26245
273,236,37,-2331.835165477812,-2694.374303777563,-19.423364430753395,0.6007326007326007,-63.659100017544276,-63.65910001754429,98.78269642358924,6,H3_opposite_signal=28;H4_natr_exit=202;eod=6;time_exit=37,DEV,BTCUSDT,C,4,26245
4599,4599,0,13.357890131489077,13.357890131489077,,0.46705805609915196,6.1432936714718265,6.1432936714718025,6.420508236123997,18,eod=5;time_exit=4594,DEV,ETHUSDT,B,0,26245
451,400,51,-2770.5155707016665,-3124.3419323983017,4.593148487620811,0.6807095343680709,-124.95025223864516,-124.95025223864519,170.3645581760161,6,H3_opposite_signal=21;H4_natr_exit=307;eod=6;time_exit=117,DEV,ETHUSDT,H,0,26245
494,438,56,-2928.4306762732563,-3301.003421367133,-14.3795628604332,0.7165991902834008,-144.66447540789886,-144.66447540789886,198.43168703793714,6,H3_opposite_signal=33;H4_natr_exit=351;eod=6;time_exit=104,DEV,ETHUSDT,C,0,26245
508,432,76,-2932.806754198514,-3443.646525115156,-29.085951093391852,0.687007874015748,-148.98658311328452,-148.98658311328452,204.65995796458472,6,H3_opposite_signal=60;H4_natr_exit=349;eod=6;time_exit=93,DEV,ETHUSDT,C,1,26245
468,418,50,-3172.428506698211,-3548.539707886743,-28.13886476208527,0.6773504273504274,-148.46965411347628,-148.46965411347628,202.9069016456657,6,H3_opposite_signal=38;H4_natr_exit=324;eod=6;time_exit=100,DEV,ETHUSDT,C,2,26245
488,428,60,-2803.9961885696275,-3184.7301462583564,-88.09395705668412,0.6454918032786885,-136.83501400219782,-136.8350140021978,186.02851435309222,6,H3_opposite_signal=43;H4_natr_exit=336;eod=6;time_exit=103,DEV,ETHUSDT,C,3,26245
431,377,54,-3622.131900182083,-4138.2941912209035,-18.554423855501163,0.7006960556844548,-156.11388489784778,-156.11388489784778,213.90231931355146,6,H3_opposite_signal=38;H4_natr_exit=302;eod=6;time_exit=85,DEV,ETHUSDT,C,4,26245
1825,1825,0,66.49314667593316,66.49314667593316,,0.5194520547945205,12.1349992683578,12.134999268357802,5.761927960911973,12,eod=4;time_exit=1821,DEV,SOLUSDT,B,0,11967
370,316,54,-9600.521781040059,-11243.695111445762,15.085115408133749,0.7810810810810811,-355.21930589848216,-355.21930589848205,550.4391809231919,6,H3_opposite_signal=22;H4_natr_exit=259;eod=6;time_exit=83,DEV,SOLUSDT,H,0,11967
242,199,43,-15250.795552474461,-18533.711387472424,-57.766455623433274,0.756198347107438,-369.06925236988195,-369.06925236988195,568.8159277825649,6,H3_opposite_signal=32;H4_natr_exit=172;eod=6;time_exit=32,DEV,SOLUSDT,C,0,11967
354,305,49,-8143.495940144852,-9459.151525694735,45.78882705340988,0.7627118644067796,-288.2797562811278,-288.2797562811278,450.2995437917774,6,H3_opposite_signal=33;H4_natr_exit=241;eod=6;time_exit=74,DEV,SOLUSDT,C,1,11967
185,139,46,-14959.631844098429,-19879.901093140703,-91.8617219924233,0.7297297297297297,-276.75318911582093,-276.75318911582093,430.811932027629,6,H3_opposite_signal=36;H4_natr_exit=121;eod=6;time_exit=22,DEV,SOLUSDT,C,2,11967
246,204,42,-8782.174004914204,-10592.277808862318,9.758757119484287,0.7560975609756098,-216.04148052088945,-216.04148052088948,339.8723477218165,6,H3_opposite_signal=29;H4_natr_exit=165;eod=6;time_exit=46,DEV,SOLUSDT,C,3,11967
171,138,33,-17077.596146214204,-21142.25182221273,-79.94513749308811,0.7777777777777778,-292.0268941002629,-292.02689410026284,451.05378297865155,6,H3_opposite_signal=28;H4_natr_exit=126;eod=6;time_exit=11,DEV,SOLUSDT,C,4,11967
4524,4524,0,17.518323251787255,17.518323251787255,,0.48474801061007955,7.925289439108553,7.925289439108539,6.011516579374225,16,eod=2;time_exit=4522,DEV,BNBUSDT,B,0,26245
94,74,20,-55631.3277878532,-70658.08740691943,-32.31719730819588,0.6276595744680851,-522.9344812058201,-522.9344812058201,702.6171794222105,6,H3_opposite_signal=13;H4_natr_exit=67;eod=6;time_exit=8,DEV,BNBUSDT,H,0,26245
148,129,19,-31271.485477615486,-35886.263592981355,60.42909513174516,0.7297297297297297,-462.8179850687092,-462.8179850687092,622.3344829600529,6,H3_opposite_signal=15;H4_natr_exit=111;eod=6;time_exit=16,DEV,BNBUSDT,C,0,26245
109,81,28,-44178.008366549504,-59449.30410328042,-0.33141386366407294,0.7247706422018348,-481.5402911953896,-481.54029119538967,647.1821168159321,6,H3_opposite_signal=23;H4_natr_exit=73;eod=6;time_exit=7,DEV,BNBUSDT,C,1,26245
93,70,23,-52033.868773423004,-69118.08068098921,-38.44122865634576,0.6989247311827957,-483.91497959283396,-483.914979592834,650.1535865842599,6,H3_opposite_signal=19;H4_natr_exit=62;eod=6;time_exit=6,DEV,BNBUSDT,C,2,26245
128,106,22,-36208.539735132224,-43703.813248693856,-94.94916978988786,0.703125,-463.4693086096925,-463.4693086096926,622.7659743635498,6,H3_opposite_signal=19;H4_natr_exit=91;eod=6;time_exit=12,DEV,BNBUSDT,C,3,26245
115,88,27,-39467.98107113369,-51584.10272228428,21.60060669044405,0.7043478260869566,-453.88178231803744,-453.8817823180374,610.5942292542097,6,H3_opposite_signal=22;H4_natr_exit=78;eod=6;time_exit=9,DEV,BNBUSDT,C,4,26245
4890,4890,0,5.311823081938237,5.311823081938237,,0.45623721881390594,2.597481487067798,2.597481487067771,7.146563576395773,15,eod=9;time_exit=4881,DEV,XRPUSDT,B,0,26245
774,686,88,-13.620188411861054,-23.35413894290759,62.2603805006153,0.6602067183462532,-1.0542025830780455,-1.0542025830780446,27.307194247884947,6,H3_opposite_signal=39;H4_natr_exit=540;eod=6;time_exit=189,DEV,XRPUSDT,H,0,26245
1043,917,126,-20.029968931664605,-21.56488646692432,-8.85918020282993,0.6922339405560882,-2.0891257595726183,-2.0891257595726045,41.12070123406568,6,H3_opposite_signal=90;H4_natr_exit=728;eod=6;time_exit=219,DEV,XRPUSDT,C,0,26245
926,813,113,142.9828853962262,162.89449614813793,-0.2749866507138747,0.7116630669546437,13.240215187690549,13.240215187690538,12.167684603191644,6,H3_opposite_signal=86;H4_natr_exit=642;eod=6;time_exit=192,DEV,XRPUSDT,C,1,26245
912,789,123,-24.849507480668148,-26.845820739785353,-12.043888281940774,0.7083333333333334,-2.266275082236935,-2.2662750822369366,30.878885962643114,6,H3_opposite_signal=81;H4_natr_exit=657;eod=6;time_exit=168,DEV,XRPUSDT,C,2,26245
637,554,83,41.42365768415212,33.1891940922111,96.38622190024037,0.7158555729984302,2.6386869944804903,2.6386869944804765,20.064563783630973,6,H3_opposite_signal=55;H4_natr_exit=437;eod=6;time_exit=139,DEV,XRPUSDT,C,3,26245
982,858,124,126.25907499770884,148.7310076392509,-29.232200860703454,0.7169042769857433,12.398641164775007,12.398641164775006,7.449652191073671,6,H3_opposite_signal=84;H4_natr_exit=693;eod=6;time_exit=199,DEV,XRPUSDT,C,4,26245
4666,4666,0,-6.4380670421199255,-6.4380670421199255,,0.4547792541791685,-3.0040020818531574,-3.0040020818531987,7.271753056364474,17,eod=6;time_exit=4660,DEV,ADAUSDT,B,0,26245
621,539,82,-3595.456223444977,-4131.781477110947,-70.09876337232083,0.6940418679549114,-223.27783147593306,-223.27783147593306,551.0727603796231,6,H3_opposite_signal=46;H4_natr_exit=425;eod=6;time_exit=144,DEV,ADAUSDT,H,0,26245
818,706,112,-2117.594419146297,-2449.2921764731705,-26.713913139397423,0.7383863080684596,-173.2192234861671,-173.2192234861671,436.8647100588753,6,H3_opposite_signal=75;H4_natr_exit=583;eod=6;time_exit=154,DEV,ADAUSDT,C,0,26245
626,507,119,-3260.693768902904,-4020.9460667137414,-21.635659742448603,0.7523961661341853,-204.1194299333218,-204.11942993332178,507.815770080039,6,H3_opposite_signal=90;H4_natr_exit=451;eod=6;time_exit=79,DEV,ADAUSDT,C,1,26245
608,531,77,-3041.8076567022094,-3479.6113417306874,-22.66795864868332,0.7154605263157895,-184.94190552749436,-184.94190552749438,460.9497186771666,6,H3_opposite_signal=52;H4_natr_exit=424;eod=6;time_exit=126,DEV,ADAUSDT,C,2,26245
712,623,89,-2458.627125879257,-2808.2970385932977,-10.937736880971373,0.7148876404494382,-175.0542513626031,-175.05425136260308,437.8551530210717,6,H3_opposite_signal=61;H4_natr_exit=509;eod=6;time_exit=136,DEV,ADAUSDT,C,3,26245
641,545,96,-3640.5051244359443,-4271.800923133543,-56.586267246459265,0.7550702028081123,-233.35637847634405,-233.3563784763441,576.489245138358,6,H3_opposite_signal=68;H4_natr_exit=458;eod=6;time_exit=109,DEV,ADAUSDT,C,4,26245
4582,4582,0,15.191850276576313,15.191850276576313,,0.45591444783937146,6.960905796727267,6.960905796727274,16.503212461341278,18,eod=6;time_exit=4576,DEV,DOGEUSDT,B,0,21609
421,352,69,-12495.300782897088,-14944.87648610346,1.0854131701692704,0.6579572446555819,-526.0521629599674,-526.0521629599676,2317.8505980861664,6,H3_opposite_signal=40;H4_natr_exit=273;eod=6;time_exit=102,DEV,DOGEUSDT,H,0,21609
590,512,78,-4850.659835129491,-5581.614759952043,-52.59673885837943,0.7135593220338983,-286.18893027263994,-286.18893027264,1283.3450434728054,6,H3_opposite_signal=61;H4_natr_exit=428;eod=6;time_exit=95,DEV,DOGEUSDT,C,0,21609
437,386,51,-5785.819241833191,-6554.274572025776,30.33286511461297,0.6933638443935927,-252.84030086811046,-252.84030086811043,1145.645784712099,6,H3_opposite_signal=36;H4_natr_exit=293;eod=6;time_exit=102,DEV,DOGEUSDT,C,1,21609
555,481,74,-5571.586772753253,-6422.678473998976,-39.490714656046876,0.6954954954954955,-309.22306588780555,-309.2230658878055,1391.5991039612977,6,H3_opposite_signal=55;H4_natr_exit=391;eod=6;time_exit=103,DEV,DOGEUSDT,C,2,21609
567,495,72,-4054.6758538423783,-4642.688616407831,-12.088111204890673,0.656084656084656,-229.90012091286286,-229.9001209128629,1059.2173155120552,6,H3_opposite_signal=47;H4_natr_exit=403;eod=6;time_exit=111,DEV,DOGEUSDT,C,3,21609
737,649,88,-4495.828389968714,-5113.5585211812295,59.93132772360049,0.7001356852103121,-331.3425523406942,-331.34255234069417,1488.5027252694515,6,H3_opposite_signal=58;H4_natr_exit=532;eod=6;time_exit=141,DEV,DOGEUSDT,C,4,21609
3000,3000,0,-21.57571273196609,-21.57571273196609,,0.4086666666666667,-6.472713819589827,-6.4727138195898535,7.867360159124016,15,eod=6;time_exit=2994,VAL,BTCUSDT,B,0,17519
418,382,36,-15.874381321506148,-17.162770331281163,-2.2031423844490137,0.5980861244019139,-0.663549139238957,-0.6635491392389611,1.519210680123534,6,H3_opposite_signal=18;H4_natr_exit=282;eod=6;time_exit=112,VAL,BTCUSDT,H,0,17519
371,336,35,39.478423379842155,46.238832022092495,-25.421499585761353,0.628032345013477,1.4646495073921437,1.4646495073921304,3.04171671756246,6,H3_opposite_signal=27;H4_natr_exit=269;eod=5;time_exit=70,VAL,BTCUSDT,C,0,17519
222,185,37,49.453158277358774,60.09994535380178,-3.7807771048562184,0.6576576576576577,1.097860113757365,1.0978601137573576,3.3866359913177564,6,H3_opposite_signal=25;H4_natr_exit=163;eod=6;time_exit=28,VAL,BTCUSDT,C,1,17519
308,259,49,20.343687146523177,30.151828291431677,-31.499344619421816,0.6233766233766234,0.6265855641129139,0.626585564112911,3.3482944640658254,6,H3_opposite_signal=39;H4_natr_exit=224;eod=6;time_exit=39,VAL,BTCUSDT,C,2,17519
324,291,33,17.346600464303755,18.3746674697255,8.280918689220991,0.5709876543209876,0.5620298550434417,0.5620298550434348,2.7859919498755468,6,H3_opposite_signal=24;H4_natr_exit=203;eod=6;time_exit=91,VAL,BTCUSDT,C,3,17519
369,322,47,32.26866524272379,38.298884630510926,-9.044752690626234,0.6476964769647696,1.190713747456508,1.1907137474565042,2.536186882688514,6,H3_opposite_signal=34;H4_natr_exit=256;eod=6;time_exit=73,VAL,BTCUSDT,C,4,17519
2915,2915,0,-4.92852037359718,-4.92852037359718,,0.4456260720411664,-1.4366636889035778,-1.4366636889036646,4.538899143702683,14,eod=4;time_exit=2911,VAL,ETHUSDT,B,0,17519
197,168,29,-100.27849270373027,-119.35345366026648,10.22472938930723,0.6294416243654822,-1.9754863062634862,-1.975486306263487,2.5673140995091375,6,H3_opposite_signal=14;H4_natr_exit=140;eod=6;time_exit=37,VAL,ETHUSDT,H,0,17519
318,288,30,15.570936052854346,18.722509960484043,-14.684173460390813,0.6257861635220126,0.4951557664807682,0.4951557664807651,2.9199584482127943,6,H3_opposite_signal=20;H4_natr_exit=214;eod=6;time_exit=78,VAL,ETHUSDT,C,0,17519
147,129,18,-26.44062692733048,-26.973015223819086,-22.62517746916199,0.6666666666666666,-0.38867721583175807,-0.3886772158317616,3.2966873171053095,6,H3_opposite_signal=12;H4_natr_exit=89;eod=6;time_exit=40,VAL,ETHUSDT,C,1,17519
295,266,29,18.089243219322974,28.725847546781967,-79.47409302564587,0.6135593220338983,0.5336326749700278,0.5336326749700212,3.0523673593083873,6,H3_opposite_signal=23;H4_natr_exit=191;eod=6;time_exit=75,VAL,ETHUSDT,C,2,17519
282,250,32,-9.09632541559141,-5.686095511048186,-35.73874654483538,0.6418439716312057,-0.25651637671967775,-0.2565163767196792,2.7394986832495087,6,H3_opposite_signal=23;H4_natr_exit=182;eod=6;time_exit=71,VAL,ETHUSDT,C,3,17519
318,278,40,-1.0756521452719534,5.371858426842537,-45.88585062146763,0.6792452830188679,-0.03420573821964812,-0.03420573821966166,3.5789864220233887,6,H3_opposite_signal=28;H4_natr_exit=227;eod=6;time_exit=57,VAL,ETHUSDT,C,4,17519
2815,2815,0,20.948613470469912,20.948613470469912,,0.4660746003552398,5.8970346919372805,5.897034691937261,4.566915042809802,15,eod=4;time_exit=2811,VAL,SOLUSDT,B,0,17519
321,295,26,46.4438249904268,50.97722579775675,-4.992838015817032,0.7165109034267912,1.4908467821927,1.4908467821927003,1.5504375034908395,6,H3_opposite_signal=10;H4_natr_exit=211;eod=6;time_exit=94,VAL,SOLUSDT,H,0,17519
89,73,16,-95.46207210956855,-162.66009272799948,211.12889696202248,0.7303370786516854,-0.8496124417751602,-0.8496124417751592,5.165790718270047,6,H3_opposite_signal=10;H4_natr_exit=66;eod=6;time_exit=7,VAL,SOLUSDT,C,0,17519
114,101,13,-79.10121042238295,-96.913138043899,59.28376571401091,0.6228070175438597,-0.9017537988151656,-0.9017537988151645,4.8614563412638,6,H3_opposite_signal=7;H4_natr_exit=76;eod=6;time_exit=25,VAL,SOLUSDT,C,1,17519
25,18,7,-941.3880815937051,-1301.5022234441847,-15.380288263900495,0.48,-2.3534702039842625,-2.353470203984263,5.73867055418466,6,H3_opposite_signal=6;H4_natr_exit=12;eod=6;time_exit=1,VAL,SOLUSDT,C,2,17519
43,31,12,-464.74232441346646,-636.8598522165056,-20.10537758894883,0.6976744186046512,-1.9983919949779057,-1.9983919949779057,5.600336012115154,6,H3_opposite_signal=8;H4_natr_exit=28;eod=6;time_exit=1,VAL,SOLUSDT,C,3,17519
105,90,15,-113.93945770005827,-102.30058969653918,-183.77266572117344,0.7523809523809524,-1.196364305850612,-1.1963643058506115,5.263292187333864,6,H3_opposite_signal=12;H4_natr_exit=73;eod=6;time_exit=14,VAL,SOLUSDT,C,4,17519
3149,3149,0,-3.916263427893918,-3.916263427893918,,0.4642743728167672,-1.2332313534437946,-1.2332313534438462,5.2922209627404335,15,eod=3;time_exit=3146,VAL,BNBUSDT,B,0,17519
245,227,18,8.945125373556126,1.0817555768411022,108.11095558768444,0.6857142857142857,0.21915557165212507,0.21915557165211927,2.170313768679033,6,H3_opposite_signal=10;H4_natr_exit=163;eod=6;time_exit=66,VAL,BNBUSDT,H,0,17519
401,380,21,21.003438924806908,16.449421263700298,103.40947279245049,0.6733167082294265,0.8422379008847569,0.842237900884747,2.3309546943682973,6,H3_opposite_signal=12;H4_natr_exit=283;eod=5;time_exit=101,VAL,BNBUSDT,C,0,17519
314,284,30,12.700061083737086,14.961935819136606,-8.71235307804503,0.6847133757961783,0.3987819180293445,0.39878191802933105,2.6645673017843565,6,H3_opposite_signal=22;H4_natr_exit=211;eod=6;time_exit=75,VAL,BNBUSDT,C,1,17519
27,19,8,-873.2598620532038,-1235.141123011788,-13.791867276565576,0.4074074074074074,-2.35780162754365,-2.35780162754365,3.853746204796468,6,H3_opposite_signal=5;H4_natr_exit=16;eod=6,VAL,BNBUSDT,C,2,17519
55,42,13,-351.87363465949454,-471.8179300049062,35.63870414875855,0.6363636363636364,-1.9353049906272197,-1.9353049906272197,3.722034433654852,6,H3_opposite_signal=9;H4_natr_exit=39;eod=6;time_exit=1,VAL,BNBUSDT,C,3,17519
335,292,43,10.330306000338439,17.750111531330305,-40.055350163606384,0.6268656716417911,0.34606525101133767,0.346065251011327,2.557479167303853,6,H3_opposite_signal=33;H4_natr_exit=215;eod=6;time_exit=81,VAL,BNBUSDT,C,4,17519
3195,3195,0,-13.601852127157526,-13.601852127157526,,0.4322378716744914,-4.34579175462683,-4.345791754626875,9.725051076838731,17,eod=8;time_exit=3187,VAL,XRPUSDT,B,0,17519
450,416,34,38.27507796689365,41.81068857935552,-4.984157762051638,0.6622222222222223,1.7223785085102143,1.7223785085102068,2.536757804898347,6,H3_opposite_signal=14;H4_natr_exit=277;eod=6;time_exit=153,VAL,XRPUSDT,H,0,17519
371,322,49,47.157407658611625,59.864321067548964,-36.345166171548115,0.7304582210242587,1.749539824134491,1.749539824134484,3.0701380352247183,6,H3_opposite_signal=38;H4_natr_exit=267;eod=6;time_exit=60,VAL,XRPUSDT,C,0,17519
497,451,46,53.729261324043165,54.73074425334533,43.910374343276196,0.6599597585513078,2.6703442878049453,2.670344287804941,2.0306724569426042,6,H3_opposite_signal=31;H4_natr_exit=336;eod=6;time_exit=124,VAL,XRPUSDT,C,1,17519
167,139,28,-21.03005629880771,-29.328110398232504,20.16385512333673,0.6646706586826348,-0.35120194019008877,-0.3512019401900903,3.159019965238696,6,H3_opposite_signal=21;H4_natr_exit=111;eod=6;time_exit=29,VAL,XRPUSDT,C,2,17519
413,345,68,78.62961460334652,93.43760599278386,3.5008347598777023,0.6852300242130751,3.2474030831182117,3.2474030831182055,2.854954875820722,6,H3_opposite_signal=45;H4_natr_exit=298;eod=6;time_exit=64,VAL,XRPUSDT,C,3,17519
261,216,45,46.177883203217355,66.84528406690126,-53.02564094246532,0.7432950191570882,1.205242751603973,1.2052427516039663,3.439071024749729,6,H3_opposite_signal=32;H4_natr_exit=187;eod=6;time_exit=36,VAL,XRPUSDT,C,4,17519
3008,3008,0,-6.632114297333074,-6.632114297333074,,0.48603723404255317,-1.9949399806377888,-1.9949399806378374,6.458670762896496,15,eod=11;time_exit=2997,VAL,ADAUSDT,B,0,17519
191,152,39,-41.19759590622895,-44.77721509832675,-27.246259567796518,0.675392670157068,-0.786874081808973,-0.7868740818089772,4.666338404263874,6,H3_opposite_signal=24;H4_natr_exit=124;eod=6;time_exit=37,VAL,ADAUSDT,H,0,17519
401,354,47,49.96739803871512,47.868509371960045,65.77604884789174,0.7680798004987531,2.0036926613524764,2.0036926613524693,3.1866777826436756,6,H3_opposite_signal=35;H4_natr_exit=284;eod=6;time_exit=76,VAL,ADAUSDT,C,0,17519
275,218,57,47.466977698236285,65.3405469289632,-20.891585324543794,0.7636363636363637,1.3053418867014979,1.3053418867014939,3.7943421994171707,6,H3_opposite_signal=41;H4_natr_exit=199;eod=6;time_exit=29,VAL,ADAUSDT,C,1,17519
60,48,12,-378.2542189384445,-513.8935166709952,164.30297199175823,0.65,-2.2695253136306675,-2.2695253136306683,4.73751257393274,6,H3_opposite_signal=10;H4_natr_exit=31;eod=6;time_exit=13,VAL,ADAUSDT,C,2,17519
220,187,33,-2.9936278835273584,-11.310528312626708,44.13547454803555,0.75,-0.06585981343760189,-0.06585981343760686,3.1323845200234675,6,H3_opposite_signal=26;H4_natr_exit=150;eod=6;time_exit=38,VAL,ADAUSDT,C,3,17519
172,141,31,-35.81716471561895,-43.22650511555321,-2.116616444950222,0.7558139534883721,-0.616055233108646,-0.6160552331086492,3.737607063617654,6,H3_opposite_signal=23;H4_natr_exit=115;eod=6;time_exit=28,VAL,ADAUSDT,C,4,17519
3123,3123,0,-7.532203088365427,-7.532203088365427,,0.4425232148575088,-2.3523070244965227,-2.352307024496556,8.852356905656045,16,eod=11;time_exit=3112,VAL,DOGEUSDT,B,0,17519
188,165,23,-4.990403554536946,-10.418847995765274,33.95278482818785,0.6914893617021277,-0.09381958682529457,-0.09381958682529812,1.4496179250233374,6,H3_opposite_signal=12;H4_natr_exit=121;eod=6;time_exit=49,VAL,DOGEUSDT,H,0,17519
330,317,13,-3.2705877455854018,-6.588815871819841,77.64312887105442,0.6545454545454545,-0.10792939560431825,-0.10792939560432416,3.7859252368860328,6,H3_opposite_signal=13;H4_natr_exit=226;eod=6;time_exit=85,VAL,DOGEUSDT,C,0,17519
276,254,22,16.244569690619816,8.553502776010358,105.04143315929292,0.7065217391304348,0.4483501234611069,0.44835012346110337,2.894586087930226,6,H3_opposite_signal=15;H4_natr_exit=179;eod=6;time_exit=76,VAL,DOGEUSDT,C,1,17519
320,284,36,25.17724695279359,27.472390473455047,7.0711147342421095,0.725,0.8056719024893948,0.8056719024893899,3.72676297475263,6,H3_opposite_signal=30;H4_natr_exit=211;eod=6;time_exit=73,VAL,DOGEUSDT,C,2,17519
454,415,39,14.71359059824856,29.288402666374704,-140.37735833181162,0.6651982378854625,0.6679970131604847,0.6679970131604771,3.6700685328426927,6,H3_opposite_signal=25;H4_natr_exit=304;eod=6;time_exit=119,VAL,DOGEUSDT,C,3,17519
210,195,15,-31.775889919641532,-28.727266047146948,-71.40800026207097,0.6619047619047619,-0.6672936883124722,-0.6672936883124776,4.19604608836968,6,H3_opposite_signal=14;H4_natr_exit=132;eod=6;time_exit=58,VAL,DOGEUSDT,C,4,17519
3707,3707,0,-5.88052440588956,-5.88052440588956,,0.44321553817102777,-2.1799103972632596,-2.1799103972632783,3.9710060322222267,16,eod=7;time_exit=3700,TEST,BTCUSDT,B,0,23973
894,779,115,32.78402941051031,41.58461005451928,-26.830338604124425,0.587248322147651,2.9308922292996216,2.9308922292996087,3.4945842947338326,6,H3_opposite_signal=67;H4_natr_exit=618;eod=6;time_exit=203,TEST,BTCUSDT,H,0,23973
121,96,25,-361.9950648308141,-444.7302848415868,-44.29181998944668,0.5619834710743802,-4.3801402844528505,-4.380140284452848,10.672489453543522,6,H3_opposite_signal=17;H4_natr_exit=82;eod=6;time_exit=16,TEST,BTCUSDT,C,0,23973
242,215,27,-157.1550307720658,-175.73670509616096,-9.189846339456112,0.5578512396694215,-3.8031517446839924,-3.803151744683988,10.24973131263146,6,H3_opposite_signal=22;H4_natr_exit=164;eod=6;time_exit=50,TEST,BTCUSDT,C,1,23973
214,189,25,-168.30374049184243,-189.8576871811031,-5.355903521031625,0.6401869158878505,-3.6017000465254276,-3.601700046525424,9.487176729768725,6,H3_opposite_signal=20;H4_natr_exit=152;eod=6;time_exit=36,TEST,BTCUSDT,C,2,23973
426,385,41,-33.20604447515594,-33.07796538052746,-34.40873841252114,0.6103286384976526,-1.4145774946416432,-1.4145774946416576,7.676622001686178,6,H3_opposite_signal=30;H4_natr_exit=297;eod=6;time_exit=93,TEST,BTCUSDT,C,3,23973
166,133,33,-251.09649578760875,-313.0852968589913,-1.2628429847637417,0.5240963855421686,-4.168201830074305,-4.168201830074304,9.895236676666567,6,H3_opposite_signal=31;H4_natr_exit=109;eod=6;time_exit=20,TEST,BTCUSDT,C,4,23973
3638,3638,0,-4.6491285637439255,-4.6491285637439255,,0.4521715228147334,-1.6913529714900402,-1.6913529714900994,6.719222542109387,17,eod=2;time_exit=3636,TEST,ETHUSDT,B,0,23973
580,517,63,32.95959836606292,36.37985286771635,4.891795550906999,0.6379310344827587,1.9116567052316493,1.9116567052316373,1.216745974714935,6,H3_opposite_signal=27;H4_natr_exit=392;eod=6;time_exit=155,TEST,ETHUSDT,H,0,23973
742,627,115,48.86082117835677,55.38233414400128,13.304398313494973,0.6617250673854448,3.6254729314340723,3.625472931434061,5.344074051249109,6,H3_opposite_signal=76;H4_natr_exit=524;eod=6;time_exit=136,TEST,ETHUSDT,C,0,23973
945,827,118,62.527838218295855,70.90881586165149,3.789969480540621,0.6772486772486772,5.908880711628958,5.9088807116289495,3.913112932615981,6,H3_opposite_signal=76;H4_natr_exit=687;eod=6;time_exit=176,TEST,ETHUSDT,C,1,23973
961,865,96,65.20333192941324,72.87621544623973,-3.9325455919922194,0.6534859521331946,6.266040198416611,6.266040198416603,4.506538933413681,6,H3_opposite_signal=66;H4_natr_exit=669;eod=6;time_exit=220,TEST,ETHUSDT,C,2,23973
844,728,116,62.877820620098575,76.04417099851598,-19.752378306520992,0.6504739336492891,5.30688806033632,5.306888060336316,5.244155665570995,6,H3_opposite_signal=86;H4_natr_exit=587;eod=6;time_exit=165,TEST,ETHUSDT,C,3,23973
855,746,109,71.17837008905995,79.45714349557524,14.518141086671168,0.6573099415204678,6.085750642614626,6.085750642614626,3.5277274053037906,6,H3_opposite_signal=75;H4_natr_exit=585;eod=5;time_exit=190,TEST,ETHUSDT,C,4,23973
3632,3632,0,-1.301080903749334,-1.301080903749334,,0.4716409691629956,-0.47255258424175817,-0.4725525842418038,4.4773371300736695,14,eod=5;time_exit=3627,TEST,SOLUSDT,B,0,23973
655,574,81,78.32982928212917,88.63693505499143,5.2893513361670506,0.732824427480916,5.13060381797946,5.1306038179794555,3.140287789226123,6,H3_opposite_signal=32;H4_natr_exit=448;eod=6;time_exit=169,TEST,SOLUSDT,H,0,23973
598,528,70,48.70536137444536,57.86070123313517,-20.352059273957536,0.6872909698996655,2.9125806101918323,2.9125806101918292,9.661663576315497,6,H3_opposite_signal=51;H4_natr_exit=395;eod=6;time_exit=146,TEST,SOLUSDT,C,0,23973
760,680,80,63.59511807523786,67.38294952522797,31.39855075032204,0.7105263157894737,4.833228973718078,4.833228973718074,9.044466137099203,6,H3_opposite_signal=48;H4_natr_exit=521;eod=6;time_exit=185,TEST,SOLUSDT,C,1,23973
868,758,110,54.2804236854019,69.36108466042025,-49.63904012426997,0.6831797235023042,4.7115407758928844,4.711540775892878,6.2602446736249995,6,H3_opposite_signal=79;H4_natr_exit=580;eod=6;time_exit=203,TEST,SOLUSDT,C,2,23973
569,512,57,57.2822698528451,68.7671359434962,-45.88003608423149,0.7275922671353251,3.259361154626886,3.259361154626884,7.9372054046282905,6,H3_opposite_signal=43;H4_natr_exit=378;eod=6;time_exit=142,TEST,SOLUSDT,C,3,23973
609,533,76,59.050855565716695,68.65026191153801,-8.271296833266875,0.6847290640394089,3.596197103952147,3.5961971039521385,11.343433417657515,6,H3_opposite_signal=55;H4_natr_exit=415;eod=6;time_exit=133,TEST,SOLUSDT,C,4,23973
3833,3833,0,-9.351013808335036,-9.351013808335036,,0.45030002608922515,-3.5842435927348193,-3.584243592734877,5.761870800756889,15,eod=8;time_exit=3825,TEST,BNBUSDT,B,0,23971
182,164,18,-415.33312904405045,-459.07845071975464,-16.764642665412307,0.6428571428571429,-7.559062948601719,-7.559062948601715,18.347925153371662,6,H3_opposite_signal=9;H4_natr_exit=120;eod=6;time_exit=47,TEST,BNBUSDT,H,0,23971
345,321,24,-186.89981144485452,-195.1055099241754,-77.14859428393726,0.6173913043478261,-6.448043494847481,-6.448043494847487,17.733760259048726,6,H3_opposite_signal=18;H4_natr_exit=219;eod=6;time_exit=102,TEST,BNBUSDT,C,0,23971
355,324,31,-147.21296747398378,-159.18935365687764,-22.04041511083419,0.6253521126760564,-5.226060345326425,-5.22606034532643,15.664831813088718,6,H3_opposite_signal=19;H4_natr_exit=236;eod=6;time_exit=94,TEST,BNBUSDT,C,1,23971
428,398,30,-119.2042210653922,-127.30694141722084,-11.708131064465661,0.6098130841121495,-5.101940661598786,-5.101940661598798,16.690997182286136,6,H3_opposite_signal=22;H4_natr_exit=269;eod=6;time_exit=131,TEST,BNBUSDT,C,2,23971
398,367,31,-128.1648114002364,-138.39767825349426,-7.0208715568285465,0.6608040201005025,-5.100959493729409,-5.100959493729416,16.40895107163997,6,H3_opposite_signal=22;H4_natr_exit=269;eod=6;time_exit=101,TEST,BNBUSDT,C,3,23971
114,91,23,-677.5155973582928,-851.0013877638482,8.884703811514328,0.6929824561403509,-7.723677809884538,-7.723677809884536,19.006888378609737,6,H3_opposite_signal=17;H4_natr_exit=79;eod=6;time_exit=12,TEST,BNBUSDT,C,4,23971
3960,3960,0,-15.353678763482847,-15.353678763482847,,0.4340909090909091,-6.080056790339207,-6.080056790339265,12.031369075324896,15,eod=6;time_exit=3954,TEST,XRPUSDT,B,0,23971
605,536,69,41.077672396122345,51.95907096266139,-43.45029328018102,0.6611570247933884,2.485199179965402,2.4851991799653943,9.483837829278276,6,H3_opposite_signal=39;H4_natr_exit=408;eod=6;time_exit=152,TEST,XRPUSDT,H,0,23971
672,570,102,-18.764344381384298,-13.95251886129264,-45.65395758189653,0.6755952380952381,-1.2609639424290249,-1.2609639424290309,24.965830923728014,6,H3_opposite_signal=68;H4_natr_exit=467;eod=6;time_exit=131,TEST,XRPUSDT,C,0,23971
565,472,93,-73.46561188662852,-82.11452551516847,-29.570050245006453,0.6672566371681415,-4.150807071594511,-4.150807071594522,27.385191558150304,6,H3_opposite_signal=70;H4_natr_exit=402;eod=6;time_exit=87,TEST,XRPUSDT,C,1,23971
605,543,62,-9.116137076221671,-12.268158521891765,18.48947010117946,0.7206611570247934,-0.5515262931114111,-0.5515262931114143,23.96283100833632,6,H3_opposite_signal=44;H4_natr_exit=430;eod=6;time_exit=125,TEST,XRPUSDT,C,2,23971
485,398,87,-160.9644302547747,-188.72582118255005,-33.96404417138857,0.6742268041237114,-7.806774867356573,-7.8067748673565776,38.42231546311572,6,H3_opposite_signal=58;H4_natr_exit=351;eod=6;time_exit=70,TEST,XRPUSDT,C,3,23971
494,447,47,-126.79922838407867,-139.50901334352758,-5.921060791021883,0.6659919028340081,-6.263881882173487,-6.263881882173486,31.13963508012243,6,H3_opposite_signal=30;H4_natr_exit=337;eod=6;time_exit=121,TEST,XRPUSDT,C,4,23971
3856,3856,0,-14.3527745587491,-14.3527745587491,,0.4618775933609959,-5.534429869853653,-5.534429869853716,8.859813275352028,15,eod=10;time_exit=3846,TEST,ADAUSDT,B,0,23972
408,353,55,38.12407291200294,48.19612673608501,-26.520199813469468,0.6421568627450981,1.55546217480972,1.555462174809706,2.28625039636193,6,H3_opposite_signal=28;H4_natr_exit=267;eod=6;time_exit=107,TEST,ADAUSDT,H,0,23972
532,470,62,33.95190109608881,36.44297857066089,15.067926692074655,0.6954887218045113,1.8062411383119246,1.8062411383119126,4.984603321466596,6,H3_opposite_signal=41;H4_natr_exit=360;eod=6;time_exit=125,TEST,ADAUSDT,C,0,23972
697,590,107,58.372830052416674,74.27711106856141,-29.323672746886018,0.7288378766140603,4.068586254653442,4.0685862546534395,5.796104201604681,6,H3_opposite_signal=80;H4_natr_exit=487;eod=6;time_exit=124,TEST,ADAUSDT,C,1,23972
739,623,116,78.40898142097821,92.23781795285669,4.138592116147936,0.7510148849797023,5.794423727010289,5.794423727010282,4.777560725407139,6,H3_opposite_signal=71;H4_natr_exit=518;eod=6;time_exit=144,TEST,ADAUSDT,C,2,23972
644,563,81,67.2363754960342,76.02123998484971,6.176144542909012,0.7236024844720497,4.330022581944602,4.3300225819446,6.219403530316885,6,H3_opposite_signal=52;H4_natr_exit=453;eod=6;time_exit=133,TEST,ADAUSDT,C,3,23972
604,516,88,41.68666007736745,49.905743408842525,-6.5070558208272535,0.7301324503311258,2.517874268672994,2.517874268672989,4.542123622447302,6,H3_opposite_signal=58;H4_natr_exit=426;eod=6;time_exit=114,TEST,ADAUSDT,C,4,23972
3736,3736,0,-2.949266481670838,-2.949266481670838,,0.4606531049250535,-1.101845957552225,-1.1018459575522674,9.544833212387998,15,eod=9;time_exit=3727,TEST,DOGEUSDT,B,0,23971
470,427,43,127.15864082310223,139.95214650669217,0.11615415117420277,0.6723404255319149,5.976456118685805,5.976456118685797,10.524724700470625,6,H3_opposite_signal=14;H4_natr_exit=300;eod=6;time_exit=150,TEST,DOGEUSDT,H,0,23971
404,345,59,64.73828043071447,78.58140868214254,-16.208825446280194,0.6757425742574258,2.6154265294008643,2.615426529400857,27.98847936104243,6,H3_opposite_signal=41;H4_natr_exit=283;eod=6;time_exit=74,TEST,DOGEUSDT,C,0,23971
560,484,76,77.20613835515235,88.2367337572818,6.958662373170059,0.7125,4.3235437478885315,4.323543747888527,20.86360677800291,6,H3_opposite_signal=49;H4_natr_exit=399;eod=6;time_exit=106,TEST,DOGEUSDT,C,1,23971
587,517,70,75.5697347878692,84.87469316200402,6.845970796044815,0.6643952299829642,4.435943432047922,4.435943432047919,19.326516135664455,6,H3_opposite_signal=53;H4_natr_exit=396;eod=6;time_exit=132,TEST,DOGEUSDT,C,2,23971
584,491,93,83.52473119747638,103.27530651635139,-20.749811615078897,0.6883561643835616,4.877844301932621,4.8778443019326145,17.29167674640966,6,H3_opposite_signal=64;H4_natr_exit=389;eod=6;time_exit=125,TEST,DOGEUSDT,C,3,23971
693,626,67,88.55716841234046,104.76987001929864,-62.92270033326898,0.670995670995671,6.137011770975193,6.137011770975181,21.2883068405297,6,H3_opposite_signal=44;H4_natr_exit=450;eod=6;time_exit=193,TEST,DOGEUSDT,C,4,23971
