id,source,date,claim,mechanism,timeframe,target,model_class,universe,period,cost_model,failure_level,failure_location,evidence,verified_cause,cause_test,invariants,reopen_if,status,supersedes
F-0001,docs/research/h002_classification_head.md (H002),2026-09-24,NIG-TimeNet v2 binary classification head (1-day direction probability) trained per window from scratch on close/high/low targets,classification-head,1d,direction;high-low,nig-timenet,"5 assets (pairwise Spearman ~0.64, daily direction agreement ~75%)",12 rolling windows (~2021-11..2022-03),n/a (IC),generalization,per-window IC sign across the 12 windows,"consistent_sign=False and IC sign oscillating across windows on close/high/low; no literal data leak found (absolute time split with gap, shuffle only on train, no BatchNorm)",,,"5 correlated assets make each window's IC ~one bet repeated five times; only 8 epochs per window; the two effects (short training vs small correlated universe) were never separated; no effective-sample count, feature sweep, learning curve or linear baseline recorded","R1: full training (60 epochs) on a larger, less correlated asset set | R2: capacity controls run (effective samples vs features, feature-count sweep k=1,3,5,10, learning curve, linear baseline)",closed-unverified-cause,
F-0002,docs/research/discovery_lab_phase1_2.md + discovery_lab_phase3.md (WIDEHIST); signal_discovery_lab.ipynb,2026-09-24,"Candidate library without NN training: RSI/MACD/BB/Stoch/MFI/CMF/ADX/RET/VOLZ/VOLR/POS/WICK reversion-momentum rules, VOLZxBODY interaction, RSI vol-adjusted, asymmetric momentum, IsolationForest anomaly score, CMO/TSI/DPO from the owner's old backtest",momentum;mean-reversion;volume-flow;candle-structure;feature-interaction;indicator-signal,1d,direction;high-low,ic-screen,5 correlated assets,"12 windows (2021-11..2022-03), then WIDEHIST 56 windows 2022-02..2026-09","n/a (IC screen, no costs)",data,rolling-window IC sign consistency on 5 assets,"63 candidate x target runs + 12 old-backtest runs all rejected on 12 windows; WIDEHIST re-run 93 experiments all rejected, none consistent_sign=True (max |mean_ic| 0.149 VOLZ_volume_shock/high, unstable sign); DPO_2_reversion: profit_factor 1.14 on one asset (BTC/1H) but IC ~+0.05 close, ~0 high/low over 5 assets",,,"5 assets with pairwise Spearman ~0.64 give ~1-2 independent assets, so a rejection here is not a rejection of the idea (NATR_14 only emerged at 50 assets); single-feature marginal linear rank IC per rolling window: says nothing about nonlinear, conditional or multi-feature use of the feature","R1: >= 50 assets x 30 windows (done for the 26 standard candidates, see F-0026; not done for the interaction/IsolationForest/CMO/TSI/DPO candidates) | R2: effective independent assets estimated from cross-coin correlation >= 20",closed-unverified-cause,
F-0003,docs/research/discovery_lab_phase3.md,2026-09-24,"Phase-3 discovery tools: Matrix Profile kNN analog (k=3) of z-normalized close windows, SHAP-found feature-interaction pairs (VOLZ_20 x NATR_14/BODY_ratio/VOLR_12_48/RET_3/STOCHk_14_3_3), K-means (k=5) / HDBSCAN clustering of window shape",pattern-matching;feature-interaction;clustering,1d,direction;high-low,unsupervised;ic-screen,5 correlated assets,12 windows then WIDEHIST 56 windows,"n/a (IC screen, no costs)",data,rolling-window IC sign consistency on 5 assets,"117 experiments all rejected. Matrix Profile close~-0.02, high~+0.01, low~-0.03. Best SHAP pair NATR_14xVOLZ_20 high mean_ic=+0.225 frac_significant=0.333 (<0.34) consistent_sign False. WIDEHIST: 6 clustering runs all consistent_sign False (max |mean_ic| 0.067 HDBSCAN/close)",,,5 correlated assets (~1-2 independent); shape-analog and cluster-mean predictors on 32-bar close windows give |IC| <= 0.07 on close,R1: >= 50 assets x 30 windows re-run (not done) | R2: a non-linear model on window shape with feature-count sweep and learning curve,closed-unverified-cause,
F-0004,"docs/research/pandas_ta_deferred_candidates.md, pandas_ta_batch2_candidates.md, pandas_ta_batch3_candidates.md, pandas_ta_batch4_5_final.md (SURVEY_CANDIDATES_ROBUST, batches 1-5)",2026-09-25,"Raw values of pandas_ta_classic indicators (154 unique: CCI/WILLR/Vortex/DX/UO/CTI/SKEW/FISHER/RVI, then 40 + 77 + 28 more across momentum/trend/volatility/volume/statistics/cycles/overlap) as single-feature IC signals",momentum;trend-following;mean-reversion;volume-flow;volatility-estimator;cycle,1d,direction;high-low,ic-screen,"14 assets (31,604 samples)",12 rolling windows; batch 4 uses 64-bar windows,"n/a (IC screen, no costs)",data,rolling-window IC sign consistency,"~450 attempts: batch 1 27/27 rejected; batch 2 39 rejected (+12 untestable, +5 constant); batch 3 67 rejected (+10 untestable, +1 constant); batches 4-5 84/84 rejected (+2 untestable). Highest partial signals: FISHER_14/low 58%, RVI_14/close 58%, none consistent_sign; only 3 passed the small screen and failed the upgrade (see F-0005)",,,"single-feature marginal linear rank IC per rolling window: says nothing about nonlinear, conditional or multi-feature use of the feature; the 14-asset/12-window screen is a cheap pre-filter (its false positives were refuted in F-0005); ~25 of these indicators were re-measured at 50 assets x 68 windows in F-0027 and also failed","R1: an indicator not among the 154 tested or a reformulation carrying information not derivable from OHLCV | R2: untestable indicators (KST/HVOL/MASSI/HT_*/EBSW/QQE/AVOLUME, close-anchored ones) re-run with window >= 64 and a non-anchored formulation",closed-unverified-cause,
F-0005,docs/research/pandas_ta_h003_upgrade_final.md,2026-09-25,"Upgrade to H003 scale (50 assets, 30 windows) of the three indicators that passed the 14-asset/12-window screen: CVI_14/high, ENTROPY_14/low, AOBV/high",volatility-estimator;volume-flow;cycle,1d,high-low,ic-screen,50 real assets (Drive history_1d),"30 rolling 30d windows (~2021-01..2023-07), train 365D, val 15D","n/a (IC screen, no costs)",data,consistent_sign across 30 windows,"14/12 screen: CVI_14 high +0.1233 58% 12/12; ENTROPY_14 low -0.1037 50% 12/12; AOBV high +0.0977 50% 12/12. 50/30: CVI_14 high +0.1091 frac_sig 67% consistent_sign False (4/30 windows opposite); ENTROPY_14 low -0.0905 60% False (4/30); AOBV high +0.0536 60% False (4/30). 3 of 126 candidates (2.4%) passed the small screen, in line with chance over 348 attempts",small-sample (14 assets/12 windows) false positives from multiple testing,same indicators re-measured at 50 assets/30 windows: mean_ic and frac_significant stayed similar but all three lost sign consistency (4 of 30 windows flipped); pass rate 2.4% consistent with chance,"a consistent_sign pass on < 50 assets / < 30 windows is not evidence; single-feature marginal linear rank IC per rolling window: says nothing about nonlinear, conditional or multi-feature use of the feature",R1: a new indicator passing 50 assets x 30 windows with a pre-registered criterion (the three tested are closed),closed,
F-0006,docs/research/new_volatility_liquidity_estimators.md,2026-09-25,"Classical volatility/liquidity estimators from OHLCV: Parkinson, Garman-Klass, Rogers-Satchell, Yang-Zhang (14d), Amihud illiquidity, Roll spread",volatility-estimator;microstructure,1d,direction;high-low,ic-screen,50 real assets (Drive history_1d),"30 rolling 30d windows (~2021-01..2023-07), train 365D, val 15D","n/a (IC screen, no costs)",data,consistent_sign across 30 windows,"18/18 rejected, consistent_sign False for all. Pooled quick IC (no per-window sign test): Parkinson close -0.005 / high +0.273 / low -0.296 vs NATR_14 reference +0.001/+0.267/-0.288 (difference <0.02). Axis 50/30: PARKINSON_14 high +0.107 63% low -0.072 53% close +0.030 33%; GK_14 high +0.104 60%; RS_14 high +0.100 60%; YZ_14 high +0.101 57%; AMIHUD_14 close +0.049 57%; ROLL_SPREAD_14 <=40%",,,"near-identical to NATR_14 in pooled IC yet fail per-window sign consistency (unexplained; ambiguity in the record); single-feature marginal linear rank IC per rolling window: says nothing about nonlinear, conditional or multi-feature use of the feature; the normalization audit did not list these features, so they were not re-run after the FEATURE_KINDS fix","R1: per-window diagnosis showing which windows flip sign relative to NATR_14, with the features' FEATURE_KINDS classification confirmed explicit | R2: Amihud/Roll as a conditional with NATR_14 (liquidity x volatility), never tested",closed-unverified-cause,
F-0007,docs/research/hurst_variance_ratio_features.md,2026-09-25,"Hurst exponent and Lo-MacKinlay variance ratio (windows 20, 40) as direct reversal/persistence measures",mean-reversion;trend-following,1d,direction;high-low,ic-screen,50 real assets (Drive history_1d),"30 rolling 30d windows (~2021-01..2023-07), train 365D, val 15D","n/a (IC screen, no costs)",data,mean_ic ~ 0 on every target,"12/12 rejected; mean_ic 0.001-0.014 absolute, frac_significant 20-37% (NATR_14: 0.16-0.29 IC, 93-97%); e.g. VR_20 close +0.005 23%, HURST_20 low -0.012 37%",,,"windows 20/40 are short for Hurst/VR estimation (estimator noise not excluded); single-feature marginal linear rank IC per rolling window: says nothing about nonlinear, conditional or multi-feature use of the feature",R1: windows >= 100-200 bars with a decision horizon matching them (estimator noise is the untested alternative cause),closed-unverified-cause,
F-0008,docs/research/jump_ratio_feature.md,2026-09-25,"Bipower-variation jump ratio (RV-BV)/RV (windows 14, 30) as volatility-structure signal",volatility-structure,1d,direction;high-low,ic-screen,50 real assets (Drive history_1d),"30 rolling 30d windows (~2021-01..2023-07), train 365D, val 15D","n/a (IC screen, no costs)",data,mean_ic ~ 0 on every target,"6/6 rejected; mean_ic 0.008-0.028 absolute, frac_significant 17-30% (threshold 34%); JUMP_RATIO_14 high +0.028 30%, JUMP_RATIO_30 low -0.028 30%",,,"single-feature marginal linear rank IC per rolling window: says nothing about nonlinear, conditional or multi-feature use of the feature",R1: intraday (<=1h) realized-variance based jump measure instead of daily bipower on 14/30 daily returns,closed-unverified-cause,
F-0009,docs/research/proper_indicator_signals.md + normalization_audit_and_corrected_retest.md,2026-09-26,"Indicators in their 'proper' form: RSI divergence (L=14,28), MACD histogram sign, ADX DI x strength, Bollinger %B, SuperTrend direction/stretch, Stochastic K/D cross, Parabolic SAR direction",indicator-signal;momentum;mean-reversion;trend-following,1d,direction;high-low,ic-screen,50 real assets (Drive history_1d),"30 rolling 30d windows (~2021-01..2023-07), train 365D, val 15D","n/a (IC screen, no costs)",data,rolling-window IC sign consistency,"45/45 rejected. RSI_14 raw close -0.125 77% consistent_sign False (27/30 windows negative, 25 significant; windows 6 (post May-2021 crash, IC +0.122) and 24 (post FTX, IC +0.148) positive); RSI_DIVERGENCE_14 close -0.075 53%; MACDh close -0.053 43%; ADX_14 <=50%; BBP_20 close -0.090 67%; Stochastic <=43%. SuperTrend/PSAR figures retracted (misclassified as price level); after the fix SUPERT_DIR <=43%, SUPERT_STRETCH up to 67% without sign consistency, PSAR_DIR <=43%",,,"'proper' usage (divergence, crosses, DI x ADX) is no stronger than the raw value (RSI divergence 53% vs raw 77% on close); single-feature marginal linear rank IC per rolling window: says nothing about nonlinear, conditional or multi-feature use of the feature",R1: literal fractal-confirmed divergence (FRACTAL_high/low peaks matched) instead of the z-score-difference approximation | R2: Bollinger BandWidth against a future-volatility target (not tested),closed-unverified-cause,
F-0010,docs/research/proper_indicator_signals.md + vwap_deviation_and_volume_concentration.md (follow-ups),2026-09-26,"RSI_14 conditioned on a rebound regime: top-10% RET_24 split, MKT_CORR_20 median split, asset-level CRASH_REBOUND_REGIME (>=30% drawdown in 60d within last 30d), market-level (BTC) MKT_CRASH_REBOUND_REGIME",regime-filter;mean-reversion,1d,direction;high-low,ic-screen,50 real assets (Drive history_1d),"30 rolling 30d windows (~2021-01..2023-07), train 365D, val 15D","n/a (IC screen, no costs)",data,conditional IC sign consistency,"All 4 attempts consistent_sign False in every class. Momentum split: close strong-momentum -0.053 17% vs normal -0.117 77%; high strong +0.094 30% vs normal -0.048 50%. Asset-level regime covers 73% of test samples (close in-regime -0.145 77%, normal -0.089 42%; high -0.037 vs +0.075). Market-level regime 18.9% of days, 12/30 windows (RSI high in-regime -0.121 67%, normal +0.004 26%). MKT_CORR split: RSI close high-corr -0.151 33% / low-corr -0.126 77%. The 'independent confirmation' via VWAP in the FTX window was retracted",,,"regime definitions of 30-60 days mix the whole drawdown with the short sharp rebound that broke RSI (windows 6, 24 found post hoc); the asset-level definition is the normal state of volatile alts","R1: regime defined on a days-scale around the rebound moment (suggested by the record, not tested), pre-registered before selecting windows",closed-unverified-cause,
F-0011,docs/research/deeper_hypotheses_round1.md + risk_adjusted_momentum.md + market_breadth.md + close_target_sign_instability_synthesis.md + normalization_audit_and_corrected_retest.md,2026-09-26,"Daily-momentum proxy family on absolute close: MOMENTUM_AGREEMENT (sign/zscore), RISK_ADJ_MOM (10/20/30), RSI_14, MKT_BREADTH (1/6/24), VOL_ASYMMETRY, SUPERT_STRETCH",momentum;mean-reversion;market-breadth,1d,direction,ic-screen,50 real assets (Drive history_1d),"30 rolling 30d windows (~2021-01..2023-07), train 365D, val 15D","n/a (IC screen, no costs)",data,sign instability of IC on absolute close,"Corrected absolute-target retest: MKT_BREADTH_24 close -0.157 80%; RSI_14 -0.125 77%; SUPERT_STRETCH_10 -0.100 67%; RISK_ADJ_MOM_20 -0.104 60%; all consistent_sign False. Rank correlation with RET_24: RISK_ADJ_MOM 0.851, RSI_14 0.821, VOL_ASYMMETRY -0.801, MKT_BREADTH 0.779, MOMENTUM_AGREEMENT 0.709. Market-neutral target is weaker not stronger: RSI_14 close -0.062, MOMENTUM_AGREEMENT -0.057. 68-window screen: RET_24 abs/close 68% 56/68; RISK_ADJ_MOM_20 68% 57/68 (both dropped)",,,"these are proxies of one 24-day momentum/reversal factor, not independent signals (the earlier 'close-target instability' synthesis, which predicted the relative target would fix it, was refuted); single-feature marginal linear rank IC per rolling window: says nothing about nonlinear, conditional or multi-feature use of the feature",R1: a momentum construction orthogonalized to volatility within day (the repair known from F-0012; MOM_ORTH_NATR accepted on low) | R2: an information source not derivable from price/volume,closed-unverified-cause,
F-0012,docs/research/normalization_audit_and_corrected_retest.md,2026-09-26,Raw MOMENTUM_AGREEMENT_ZSCORE (momentum not orthogonalized to volatility) on the market-neutral low target,momentum;cross-sectional,1d,relative-direction;high-low,ic-screen,42-50 assets per day,"in-sample 30 windows, pre-registered OOS 38 windows 2023-07-21..2026-09-02","n/a (IC screen, no costs)",data,OOS sign consistency of raw momentum,relative/low in-sample -0.093 67% 30/30 (raw passes only in-sample) -> OOS -0.059 63% 31/38 FAIL; relative/high +0.025 30% -> +0.006 26% 20/38 FAIL. Within-day causal residual: controlling NATR_14 strengthens it (-0.162 87% 30/30); MOM_ORTH_NATR relative/low OOS -0.109 84% 38/38 ACCEPTED,cross-sectional volatility confounds raw momentum (suppressor effect): momentum only predicts relative drawdown among assets of equal volatility,within-day rank residual of momentum on NATR_14 (causal) restored 30/30 sign consistency in-sample and 38/38 out-of-sample on pre-registered windows; the raw version failed the same OOS windows,momentum must be measured at fixed volatility (within-day orthogonalization) to carry information on relative low; raw proxies do not,R1: a setting where cross-sectional volatility is constant or already partialled out of the momentum feature,closed,
F-0013,docs/research/normalization_audit_and_corrected_retest.md + preregistration_momentum_orth_natr_holdout.md,2026-09-26,MOM_ORTH_NATR on market-neutral high and close targets (pre-registered OOS),momentum;cross-sectional,1d,relative-direction;high-low,ic-screen,42-50 assets per day,pre-registered OOS 38 windows 2023-07-21..2026-09-02,"n/a (IC screen, no costs)",data,OOS sign consistency on high and close,relative/high in-sample +0.106 87% 30/30 -> OOS +0.081 71% 37/38 (failed by one window 2023-08-19..09-18 IC -0.008 p=0.79; rejected under the pre-registered no-middle-ground rule); relative/close -0.057 47% 28/30 -> -0.053 50% 35/38,,,criterion was fixed before computing; the 38 OOS windows are consumed for this feature,R1: a card that pre-registers its criterion and passes on windows not used for this feature (the 38 OOS windows are spent),closed-unverified-cause,
F-0014,docs/research/deeper_hypotheses_round1.md (3) + normalization_audit_and_corrected_retest.md + pipeline_feature_selection.md,2026-09-26,Cross-sectional momentum rank MOM_RANK_6/24 (percentile of 6/24-day return among all assets that day),momentum;cross-sectional,1d,direction;relative-direction,ic-screen,50 real assets (Drive history_1d),"30 rolling 30d windows (~2021-01..2023-07), train 365D, val 15D; later 68 windows","n/a (IC screen, no costs)",data,rolling-window IC sign consistency,"original figures retracted (misclassified price_scale: the rank followed coin price). Corrected: <=57% absolute, <=63% relative, no sign consistency. 68-window screen: MOM_RANK_6 rel/close -0.049 47% 59/68; MOM_RANK_24 -0.044 44% 57/68 (OOS 42% / 39%)",,,"single-feature marginal linear rank IC per rolling window: says nothing about nonlinear, conditional or multi-feature use of the feature; plain rank momentum is confounded by volatility (see F-0012)","R1: rank taken after orthogonalization to volatility within day (that is MOM_ORTH_NATR, accepted on low)",closed-unverified-cause,
F-0015,docs/research/deeper_hypotheses_round1.md (4) + normalization_audit_and_corrected_retest.md (causal decomposition),2026-09-26,"Rolling correlation with BTC (MKT_CORR_10/20/30/60) as an independent signal, direct and as a regime split for RSI",market-beta;cross-sectional,1d,direction;high-low;relative-direction,ic-screen,50 real assets (Drive history_1d),"30 rolling 30d windows (~2021-01..2023-07), train 365D, val 15D; OOS 38 windows","n/a (IC screen, no costs)",data,independence from NATR_14,"absolute: MKT_CORR_10/20/30 <=47%, consistent_sign False. Relative low raw passes in-sample (MKT_CORR_20/30/60 +0.118/+0.127/+0.134, 30/30) but controlling NATR_14 (within-day causal residual) drops MKT_CORR_60 low to +0.044 40% 24/30 and MKT_CORR_20 to +0.071 63% 27/30; OOS MKT_CORR_60 rel/low +0.075 63% 34/38 FAIL. Within-day rank correlation MKT_CORR_20 vs NATR_14 -0.226, MKT_CORR_60 -0.352",MKT_CORR is a shadow of NATR_14 (the assets least correlated with BTC are the most volatile),within-day rank residual of MKT_CORR on NATR_14: significance disappears (+0.044/40%); controlling RET_24 instead leaves it (+0.125 83% 30/30); fails OOS,MKT_CORR carries no information beyond NATR_14 on high/low; RSI split by correlation regime shows no sign flip,R1: a correlation/beta measure with demonstrated incremental IC after partialling NATR_14 within day,closed,
F-0016,docs/research/market_beta.md + normalization_audit_and_corrected_retest.md,2026-09-26,Rolling market beta to BTC (MKT_BETA_10/20/30),market-beta,1d,direction;high-low;relative-direction,ic-screen,50 real assets (Drive history_1d),"30 rolling 30d windows (~2021-01..2023-07), train 365D, val 15D; later 68 windows","n/a (IC screen, no costs)",data,rolling-window IC sign consistency,"absolute: all 9 combos <=47%, consistent_sign False (best MKT_BETA_30 high 47%). Relative after fix: MKT_BETA_20 high +0.147 80%, low -0.195 90% without sign consistency; 68-window screen rel/low -0.180 93% 66/68 (OOS -0.169 95%) 'near', kept as pipeline feature. Earlier 'MKT_beta' IC=0.0 results were a silent bug (market_context disabled), not rejections",,,no standalone sign-consistent signal; the relative-target strength is probably NATR_14 (high beta = high volatility) but this was not partialled,R1: within-day partialling of NATR_14 shows MKT_BETA incremental IC on a relative target,closed-unverified-cause,
F-0017,docs/research/deeper_hypotheses_round1.md (8) + pipeline_feature_selection.md,2026-09-26,"Lagged BTC return spillover MKT_LAG_RET_k (k=1,2,3,5) onto alts",lead-lag,1d,direction;high-low,ic-screen,50 real assets (Drive history_1d),"30 rolling 30d windows (~2021-01..2023-07), train 365D, val 15D","n/a (IC screen, no costs)",data,rolling-window IC sign consistency,12/12 rejected; best MKT_LAG_RET_3 low +0.029 50% consistent_sign False; MKT_LAG_RET_2 abs/close 43% 37/68 in the 68-window screen,,,"single-feature marginal linear rank IC per rolling window: says nothing about nonlinear, conditional or multi-feature use of the feature; the value is the same for all assets on a day (market timing, not asset selection)","R1: asset-specific lagged response (e.g. beta-scaled, or intraday lag) rather than the common BTC lag",closed-unverified-cause,
F-0018,docs/research/deeper_hypotheses_round1.md (2) + normalization_audit_and_corrected_retest.md,2026-09-26,Centered volatility interactions NATR_14 x (RSI_14-50) and NATR_14 x (BBP-0.5),feature-interaction;mean-reversion;volatility-structure,1d,direction;high-low,ic-screen,50 real assets (Drive history_1d),"30 rolling 30d windows (~2021-01..2023-07), train 365D, val 15D","n/a (IC screen, no costs)",data,adds nothing beyond its components (NATR_14 / RSI_14),"the 'honest rediscovery' of RSI_vol_adjusted_reversion (high -0.196 93%, low +0.162 97%) was retracted: rank correlation of the interaction with NATR_14 = -1.000 (double centering: RSI arrives already centered from process_windows). Corrected NATR x RSI behaves like RSI_14 (rejected). NATR x BBP: original close -0.100 73% consistent_sign False; corrected BBP-interaction numbers are not recorded (BBP also arrives centered)",,,a volatility x oscillator interaction adds no information beyond its components; no corrected record exists for the BBP variant,R1: interaction rebuilt on correctly centered inputs and screened at 50 assets x 30+ windows,closed-unverified-cause,
F-0019,"docs/research/h003_volatility_reversal.md (Fractal_reversal_w5) + deeper_hypotheses_round1.md (5,6)",2026-09-26,"Trend-structure features: Williams-fractal reversal (w=5), bars since fractal high/low (w=5,10), directional consistency (w=10,20,30)",mean-reversion;trend-following,1d,direction;high-low,ic-screen,50 real assets (Drive history_1d),"30 rolling 30d windows (~2021-01..2023-07), train 365D, val 15D","n/a (IC screen, no costs)",data,rolling-window IC sign consistency,"Fractal_reversal_w5 6/6 rejected (best Fractal_low close -0.035 43%); BARS_SINCE 12/12 rejected (best LOW_5 close +0.043 50%, high +0.054 47%); DIR_CONSISTENCY 9/9 rejected, mean_ic ~0 (68-window screen DIR_CONSISTENCY_20 rel/low 44% 49/68)",,,"simple trend/structure features do not reproduce the NATR_14 effect (supports that H003 is specific to normalized volatility rather than a generic reversal after an extreme); single-feature marginal linear rank IC per rolling window: says nothing about nonlinear, conditional or multi-feature use of the feature",R1: structure feature built from the intraday (hourly) path rather than daily fractals,closed-unverified-cause,
F-0020,docs/research/deeper_hypotheses_round1.md (7) + normalization_audit_and_corrected_retest.md,2026-09-26,Semi-variance asymmetry VOL_ASYMMETRY_10/20/30 ((down-up)/(down+up)),volatility-structure;momentum,1d,direction;high-low,ic-screen,50 real assets (Drive history_1d),"30 rolling 30d windows (~2021-01..2023-07), train 365D, val 15D; later 68 windows","n/a (IC screen, no costs)",data,rolling-window IC sign consistency,"original figures retracted (negative half clipped to 0 by the log_volume classification). Corrected: <=53% absolute, <=60% relative, no sign consistency. 68-window screen VOL_ASYMMETRY_20 abs/close +0.075 59% 57/68. Rank correlation with RET_24 -0.801 (momentum proxy)",,,"single-feature marginal linear rank IC per rolling window: says nothing about nonlinear, conditional or multi-feature use of the feature; proxy of the 24-day momentum factor","R1: intraday-based semivariance (realized, from hourly returns)",closed-unverified-cause,
F-0021,docs/research/volatility_term_structure.md + normalization_audit_and_corrected_retest.md,2026-09-26,"Volatility term structure VOL_TERM_{3_14,7_30,3_30} (short/long NATR ratio)",volatility-structure,1d,direction;high-low;relative-direction,ic-screen,50 real assets (Drive history_1d),"30 rolling 30d windows (~2021-01..2023-07), train 365D, val 15D; later 68 windows","n/a (IC screen, no costs)",data,rolling-window IC sign consistency,"VOL_TERM_3_30 high +0.106 70% low -0.091 60% close +0.006 37%, consistent_sign False; after explicit zscore classification high 70% low 67% absolute, <=67% relative, still no sign consistency; 68-window screen VOL_TERM_3_30 abs/low -0.131 74% 59/68 (OOS 82%) 'near', kept as pipeline feature",,,"high positive / low negative / close ~0 pattern is what a pure range-width predictor (volatility clustering) produces, not a direction signal; no sign consistency across windows",R1: used as an uncertainty/range-width input against a magnitude target (not a direction IC target),closed-unverified-cause,
F-0022,docs/research/kaufman_efficiency_ratio.md + vwap_deviation_and_volume_concentration.md + normalization_audit_and_corrected_retest.md,2026-09-26,"Daily features from real hourly data: Kaufman efficiency ratio EFF_RATIO_24H, VWAP_DEVIATION, hourly volume concentration VOL_CONC_HHI",microstructure;volume-flow,1d,direction;high-low;relative-direction,ic-screen,50/50 assets from Drive timeframes_1h,"30 rolling 30d windows (~2021-01..2023-07), train 365D, val 15D","n/a (IC screen, no costs)",data,rolling-window IC sign consistency,"Corrected retest (original VWAP figures and the 'strongest intraday result' claim retracted: saturated at -5): EFF_RATIO_24H <=40% absolute <=13% relative (originally close +0.012 23%, high +0.039 37%, low -0.034 40%); VWAP_DEVIATION <=43% absolute <=23% relative, rank correlation with RET_1 = 0.778 (proxy of today's return); VOL_CONC_HHI <=43% (original close -0.005 30%, high +0.025 33%). 68-window screen: VWAP_DEVIATION abs/low 41% 34/68; EFF_RATIO_24H 38% 44/68; VOL_CONC_HHI rel/high 28% 40/68",,,"single-feature marginal linear rank IC per rolling window: says nothing about nonlinear, conditional or multi-feature use of the feature; VWAP deviation is mostly the day's return","R1: other intraday-derived features (peak/trough hour timing, hourly return dispersion) with explicit FEATURE_KINDS classification | R2: 15m-built versions on the full 500-coin archive",closed-unverified-cause,
F-0023,docs/research/ath_distance.md + normalization_audit_and_corrected_retest.md,2026-09-26,Distance from all-time high PCT_FROM_ATH and DAYS_SINCE_ATH (expanding window),drawdown-anchor,1d,direction;high-low;relative-direction,ic-screen,50 real assets (Drive history_1d),"30 rolling 30d windows (~2021-01..2023-07), train 365D, val 15D; later 68 windows","n/a (IC screen, no costs)",data,rolling-window IC sign consistency,"original PCT_FROM_ATH close -0.091 63% consistent_sign False; corrected (explicit classification): <=43% absolute, <=50% relative; 68-window screen PCT_FROM_ATH rel/low 54% 55/68 (OOS 79%, IC +0.102), DAYS_SINCE_ATH 19% 21/68",,,"single-feature marginal linear rank IC per rolling window: says nothing about nonlinear, conditional or multi-feature use of the feature",R1: ATH distance in the volatility-orthogonalized/relative framework with a pre-registered OOS on data not used (the OOS 79% was selection-contaminated),closed-unverified-cause,
F-0024,docs/research/candle_wick_body.md + pipeline_feature_selection.md,2026-09-26,"Single-candle structure WICK_upper, WICK_lower, BODY_ratio (continuous hammer/shooting-star)",candle-structure;mean-reversion,1d,direction;high-low,ic-screen,50 real assets (Drive history_1d),"30 rolling 30d windows (~2021-01..2023-07), train 365D, val 15D; later 68 windows","n/a (IC screen, no costs)",data,rolling-window IC sign consistency,"9/9 rejected; best WICK_lower low +0.094 60% consistent_sign False; 68-window screen WICK_lower abs/low 54% 45/68, WICK_upper 34% 43/68, BODY_ratio 38% 41/68 (all dropped)",,,"single-feature marginal linear rank IC per rolling window: says nothing about nonlinear, conditional or multi-feature use of the feature; single candle (no multi-day pattern, no prior-trend context)",R1: wick/body conditioned on prior-trend context (the classical requirement; never tested),closed-unverified-cause,
F-0025,docs/research/market_breadth.md + normalization_audit_and_corrected_retest.md,2026-09-26,"Market breadth MKT_BREADTH_{1,6,24} (share of assets up, one common value for all assets)",market-breadth,1d,direction;relative-direction,ic-screen,50 real assets (Drive history_1d),"30 rolling 30d windows (~2021-01..2023-07), train 365D, val 15D; later 68 windows","n/a (IC screen, no costs)",data,rolling-window IC sign consistency; ~0 on relative target by construction,"MKT_BREADTH_24 close -0.082 63% consistent_sign False (original) / -0.157 80% (corrected); relative IC ~0 (<=27%); 68-window screen abs/close -0.135 76% 59/68 (OOS 74%) 'near', kept as pipeline feature",,,"breadth is the same for every asset on a day: it can time the market, not select assets",R1: used for market-level timing on an index-like target rather than per-asset IC,closed-unverified-cause,
F-0026,docs/research/h003_volatility_reversal.md (EXPANDED_* runs),2026-09-26,"Re-test of the 26 standard candidates x 3 targets at H003 scale (50 assets, 30 windows)",momentum;mean-reversion;volume-flow;candle-structure;indicator-signal,1d,direction;high-low,ic-screen,"50 real assets, 94,961 samples, 37 features",30 windows,"n/a (IC screen, no costs)",data,rolling-window IC sign consistency,"78 EXPANDED_* experiments: only NATR_neg_vol and RSI_vol_adjusted_reversion (both ~ -NATR_14 after the audit) on high/low accepted; the other 24 candidates x 3 targets rejected (per-candidate numbers in the lab registry, e.g. RSI_14 raw close -0.125 77% consistent_sign False)",,,"single-feature marginal linear rank IC per rolling window: says nothing about nonlinear, conditional or multi-feature use of the feature",R1: a feature carrying information not derivable from daily OHLCV (funding/OI/intraday) | R2: multi-feature or nonlinear model with feature-count sweep and learning curve,closed-unverified-cause,
F-0027,docs/research/pipeline_feature_selection.md,2026-09-26,"Single-feature screen of 93 candidate pipeline features (defaults + optional + pandas_ta settings) at 50 assets x 68 windows (38 OOS), six targets (abs/rel high/low/close)",momentum;trend-following;mean-reversion;volume-flow;candle-structure;microstructure;market-beta;market-breadth;drawdown-anchor,1d,direction;high-low;relative-direction,ic-screen,50 real assets (Drive history_1d),68 monthly windows 2021-01..2026-09 (38 out-of-sample),"n/a (IC screen, no costs)",data,68-window sign consistency and OOS significance,"accepted only 4 (NATR_14, RANGE_rel, BBB_20_2.0, MOM_ORTH_NATR: volatility or vol-orthogonal momentum); 22 default features dropped (EMA_9/26, ADX_14, STOCHk/d, MACD x3, BB L/M/U/P, CMF_20, RET_1..24, BODY_ratio, WICK_*, POS_14, VOLR_*, TIME_dow_*, MKT_ret_1); ~60 others failed (e.g. SMA_20 63% 56/68, ROC_10 63%, WILLR_14 60%, CCI_20 53%, OBV 68% 66/68, EFI_13 51%, KURT_20 38%, MOM_10 51%); 'near' ones (volume, MKT_BETA_20, MKT_CORR, MKT_BREADTH_24, VOL_TERM, DMP/DMN, RSI_14, MFI_14, POS_50, SUPERT_STRETCH) were kept for ranking, not accepted",,,"volatility is the only accepted information in the price/volume features; selection used the 38 OOS windows, so they are no longer untouched; single-feature marginal linear rank IC per rolling window: says nothing about nonlinear, conditional or multi-feature use of the feature",R1: new independent data (e.g. the 15m archive for 500+ coins) for any feature of this list | R2: retraining comparison old vs new feature set (never run: single-feature screening does not equal value inside a model),closed-unverified-cause,
F-0028,docs/research/cross_asset_architecture.md,2026-09-27,Cheap linear IC test of a cross-asset architecture: mean RET_1/RET_6 of the other 4 assets at the same timestamp vs each coin's future return,lead-lag;cross-sectional,1d,direction;high-low,ic-screen,5 correlated assets (33 of 56 WIDEHIST windows valid: the assets do not share the same time span),WIDEHIST 2022-02..2026-09,"n/a (IC screen, no costs)",data,rolling-window IC sign consistency,"6 WIDEHIST_CrossAsset_* experiments all rejected, consistent_sign False (max |mean_ic| 0.0996 RET_1/low); idea deferred, not finally rejected (nonlinear form needs a trained panel model, see F-0035)",,,peer set of 4 highly correlated assets; linear peer-average return only,"R1: peer set >= 50 assets with simultaneous timestamps | R2: nonlinear/attention form (tested later in F-0035, so condition applies only to untested variants)",closed-unverified-cause,
F-0029,"docs/research/anti_memorization_pr7.md (sections 2, 4, 8) + results/drive_v1_summary.md",2026-09-27,"NIG-TimeNet v2 default encoder (InstanceNorm on each feature window, ~900k parameters, dropout 0.1, effectively zero weight decay) on 1d relative-direction/magnitude targets",architecture,1d,relative-direction;magnitude,nig-timenet,"47 assets local, 222 assets Drive (89k train samples)","train <=2023-06-30, val to 2024-06-30, test after",n/a (AUC),representation,model input: per-window InstanceNorm erases the feature level,"Drive 222 assets: best epoch 5, test AUC 0.631/0.537 (mag/dir) falling to 0.608/0.528 at the end while train rises to 0.742/0.660; shuffled labels fitted (train 0.593/0.570 vs linear 0.507/0.512); 8 assets (~4k-13k samples) train 0.77-0.81 vs test 0.575-0.584. Linear probe (47 assets, test AUC mag/dir): raw levels 0.594/0.531, post-InstanceNorm view the transformer sees 0.522/0.521, stats path 0.628/0.536","InstanceNorm erases the feature level, which is where the (cross-sectional, volatility-level) signal lives, so memorization becomes the only way to lower train loss","linear probe on the view the encoder sees vs raw levels (0.52 vs 0.59); fix (level passthrough + BatchNorm + GRU, 'RL_gru') moved the diagnostic as predicted: test 0.645/0.555 vs linear 0.609/0.538, train-test gap 0.014/0.016, shuffled-label fit at the linear level (0.508/0.518); controls present: shuffled labels, linear baseline, 8-coin vs 222-coin data size, noise floor +-0.005 AUC",any encoder that normalizes each window per feature without passing the level to the head loses the cross-sectional level signal and then memorizes; weight_decay was a no-op (AdamW multiplies it by lr),R1: only if feature levels reach the head through another channel (the old config is not to be re-run as is),closed,
F-0030,"docs/research/anti_memorization_pr7.md (5, 7, 10) + results/capacity_summary.md + drive_v1/v2/v3 + screen summaries",2026-09-27,"Architecture/capacity variants on top of the level fix for 1d relative direction: FiLM, coin embedding, twin towers (concat/gate), TCN, tiny capacity, width x8 / depth x2, cross-sectional rank features (xrank)",architecture,1d,relative-direction;magnitude,nig-timenet;logistic,8 assets (4k-13k samples) and 222 Drive assets (89k train / 177k test),"train <=2023-06-30, val to 2024-06-30, test after",n/a (AUC),data,direction AUC ceiling ~0.55 independent of encoder and capacity,"8 assets: no variant consistently above the linear reference 0.592/0.529 (RL_film 0.604/0.515, RL_coin 0.588/0.523, 2tower 0.579/0.525, TCN 0.593-0.604/0.522-0.530; TCN first 'win' not repeated by seeds). 222 assets: RL_gru 0.645/0.555 vs linear 0.609/0.538 and linear+xrank 0.648/0.552 (GRU=linear on ranks); other encoders 0.638-0.645 mag, 0.549-0.552 dir (<=0.008 apart, noise floor +-0.005). Capacity sweep d_model 32..256 and 4 layers: test mag 0.639-0.643 and dir 0.545-0.553 flat (dir falls to 0.544-0.546 for larger) while train dir rises 0.561->0.608. xrank on 8 assets raises memorization (shuffled-label train 0.62/0.61 vs 0.55/0.56)","direction AUC is limited by the information in the 18 price/volume features, not by model capacity or encoder type","capacity sweep (width x8, depth x2) leaves test flat while train rises; a linear model on cross-sectional rank features equals the GRU; sample-size comparison (8 vs 222 assets) and shuffled-label controls present",1d relative-direction AUC ~0.55 and magnitude AUC ~0.645 for any encoder on the 18 OHLCV-derived features of 222 coins; encoder choice is within 0.008 AUC,R1: a new information source (funding/OI/intraday features; the archives were empty then) | R2: fair coin-embedding test with every coin in train (not run) | R3: feature-count sweep k=1..18 not yet run,closed,
F-0031,docs/research/results/model_eval_relative_am.md,2026-09-27,"Trained NIG-TimeNet (relative target, crypto_model_v1_relative_am, best epoch 12) rank signal traded as a market-neutral daily long/short portfolio",cross-sectional;mean-reversion,1d,relative-direction;pnl,nig-timenet,"507 coins, 432,061 windows x 32d x 18 features","test 79 days, then re-split with test 267 days (2025-12-25..2026-09-17)",0.08% round trip per trade,economics,portfolio P&L: median-ordered rank vs mean returns with positive jump tails,"rank signal real: daily IC of p_up_close 0.093 (t=11.9), AUC close 0.543 vs linear 0.536, permutation p=0.001; but net: val-chosen short-weakest-5% +0.077%/day [-0.17,+0.33] Sharpe 0.73 (not significant), chicks all coins daily -7.1%, rank portfolio gross -0.027%/day (net -0.047%/day t=-0.9); gross +0.054%/day < 0.08% cost; Sharpe 2.58 on 79 days was period luck. Clipping returns at +-10% turns the rank portfolio to +0.228%/day (t=5.7). Jump >20% next day: 5.07% in lowest p_up decile vs 0.17% in highest; median return rises with rank, mean is non-monotonic",the model ranks the median (volatile coins with negative median look like losers) while mean returns are dominated by positive jump tails in those same coins,clipping at +-10% flips the rank portfolio from -0.027% to +0.228%/day (t=5.7); jump-rate by p_up decile 5.07% -> 0.17% and by uncertainty decile 0.21% -> 5.76%; volnorm target and stop-loss variants did not fix it (see F-0033),"rank IC ~0.09 is stable across val/test with no memorization (train-test gap ~0.01), but the net daily rank portfolio at 0.08% cost is <= 0 for every construction tried (extreme weights, vol-scaled, model+tree, stops)",R1: a construction that can capture the clipped-tail ranking (tail-hedged / long-only convex payoff) shown net > 0 on val before test | R2: information that predicts jump tails (funding/OI crowding; archives empty at the time),closed,
F-0032,"docs/research/results/model_eval_relative_am.md (+/-5% bracket test; scripts/bracket_fetch.py, bracket_sim.py)",2026-09-27,Daily +5% take-profit / -5% stop bracket on NIG-TimeNet p_up_close rank deciles: does the rank carry direction information?,cross-sectional;breakout,1d,direction;pnl,nig-timenet,"507 coins, 267 test days",test 2025-12-25..2026-09-17; double-touch days resolved from Binance hourly candles (96%),0.08% per trade,data,first-touch direction by rank decile,"share of resolved days where +5% was touched first: lowest p_up decile 50.8%, decile 5 54.7%, highest 52.2% (all coins 52.9%) - flat; touch frequency of either barrier falls 87% -> 29% with decile (volatility ordering); all strategies lose on test and val-selected ones are worse than random picks (short q=0.05 -0.200%/trade vs random -0.114%, p=0.98; q=0.1 worse by 0.04-0.05%, p=0.95-0.99). Later audit: IC inside prior-volatility quintiles 0.082 (t=12.2), partial after volatility rank 0.074 (t=10.6)","the rank orders volatility, not direction at the +-5% scale (ordinary-move ordering survives volatility control but gives no first-touch direction)","first-touch up-share by decile (flat 50.8-54.7%) with touch-rate monotone in decile, against 300 random same-day selections; volnorm model gives the same picture (51.6% -> 50.7%)",no direction information at the +-5% scale in the 1d relative rank signal,R1: a barrier scale or horizon where first-touch up-share varies by >= 5 points across deciles with a pre-registered selection rule | R2: new information source (funding/OI),closed,
F-0033,docs/research/results/model_eval_relative_am.md (two repair attempts 'recorded so they are not repeated'),2026-09-27,Repairs of the relative-rank portfolio: volnorm+relative target (return / window volatility) and an intraday stop-loss on rank trades,cross-sectional;limit-order-entry,1d,relative-direction;pnl,nig-timenet,507 coins,test 267 days,"0.08% round trip, stop slippage 0-2%",economics,portfolio P&L after repair,"volnorm+relative: close AUC test 0.539 (linear 0.527), regression IC 0.073, jump concentration in lowest decile 5.1% -> 3.4%, but IC vs raw returns 0.093 -> 0.052 and all portfolios ~0 (best val-chosen +0.016%/day, not significant; rank portfolio -0.011%/day t=-0.3); stop-loss from fut_high/fut_low: every level loses on test (val-chosen q=0.1, stop 15%, slippage 1%: -0.061%/day); a scaled+relative variant was stopped for leakage (centre = window median)",,,shrinking the jump tail by target normalization weakens the ranking itself; stops fire on intraday noise more than they save from jumps,"R1: a repair that preserves the raw-return ranking (IC >= 0.09) while reducing tail exposure, shown net > 0 on val first | R2: information predicting jumps (funding/OI)",closed-unverified-cause,
F-0034,docs/research/entry_range_eval.md (research/ scripts in docs/research/scripts/entry_range_eval),2026-09-29,"Direction rule built by combining the heads of the trained entry_range model (crypto_model_v1_entry_range_s100_am): 13 rules x 8 uncertainty gates x 5 coverages (M=520) frozen on val, scored once on test",mean-reversion;limit-order-entry,1h,direction;magnitude;pnl,nig-timenet,"83 coins (81 in val/test), 1h windows 32 bars stride 8","val 2025-06-25..2025-11-21, test 2025-11-22..2026-07-13 (holdout from 2026-07-15 removed)","maker 0.02% / taker 0.05%, worst-case intrabar order on 1h",data,rule accuracy vs majority class; net P&L,"val best by accuracy (p_hl inverted + high-epistemic gate) 0.4565, t=-2.69, Bonferroni x520 p=1.0, permutation p=0.345; test 0.490 (t=-0.83) vs majority 0.527. IC-best rule (p_mean inverted) IC 0.049 (t=8.9) but accuracy 0.496. Natural close head pc: acc 0.514, AUC 0.505. Partial IC after controlling last-candle return 0.003-0.013 (after -RSI14 ~0.03); -RSI14 alone IC 0.057 (t=9.1). Tradability test: first rule net -8.1bp/trade (t=-1.97, 3/9 months positive), gross -1.1bp, optimistic bound +5.1bp; at 5% coverage net -20.1bp; market-order entry -14.1bp. Heads high/low predict expansion (AUC ~0.74), not direction","the per-timestamp ranking IC of these rules is short-term reversal rediscovered, not a new direction signal from combining heads","incremental.py: partial IC of each rule after controlling last-candle return collapses to 0.003-0.013 (asym 0.003, p_mean inverted 0.013); -RSI14 alone exceeds the rules",no gross margin before fees (-1 to -16 bp) while fees alone are ~7 bp; cross-sectional ranking among coins in one stamp does not give absolute direction (majority class 0.527),R1: a rule whose partial IC after last-candle-return and RSI control is >= 0.03 on val | R2: maker round trip <= 1 bp (fees alone are ~7 bp),closed,
F-0035,"docs/research/panel_phase1.md (5-c: full run, 267 test days)",2026-09-30,"Cross-coin attention panel model (one UTC day = one sample, attention across the day's coins, A_ic) vs same block without attention (B_ic) for 1d relative direction",cross-coin-attention;cross-sectional,1d,relative-direction;pnl,panel,"~507 coins, 130,724 test rows",split_dates 2025-06-24 / 2025-11-21; test 2025-12-25..2026-09-17 (267 days),0.08% round trip,data,direction information (up_share by score decile) and net rank portfolio,"attention improves range prediction (AUC high/low 0.751 vs 0.718/0.716 baseline, +0.030 over B_ic in both seeds) and adds ~0.005 daily IC (A_ic-B_ic +0.005 t=2.7); but up_share lowest->highest decile 50.7->51.3 (A s0) with monotonicity -0.24..-0.31 (needed >=0.7 and >=5 points), rank portfolio net -0.032..-0.060%/day (t -0.6..-1.2), partial IC after volatility 0.077/0.076 vs 0.074 threshold (marginal). The earlier 79-day run showing rising up_share (44.6->69.3) was a short-period artifact; stride-32 floor-grouped runs elsewhere were invalidated by a leak",,,"cross-coin attention helps the high/low range, not direction or tradable value, on this feature set and period",R1: stronger cross-day information (funding/OI/intraday features) in the panel inputs | R2: 15m-based panel with taker-flow features (phase-2 data),closed-unverified-cause,
F-0036,docs/research/hourly_1h.md (section 3),2026-09-30,"Hourly -RSI_14 short-term reversal as a 1h direction rule, with logistic and NIG-TimeNet relative models as alternatives",mean-reversion,1h,direction;pnl,rule;logistic;nig-timenet,"83 coins, 113,754 samples","test 2025-11-22..2026-09-26 (18,121 samples, 81 coins)",0.08% round trip,economics,net portfolio per period,"-RSI_14 test IC 0.104 (t=11.9); up-share 40.5% (lowest decile) -> 57.8% (highest), monotonic 0.99; net portfolio at 0.08% cost -0.012%/period (t=-1.2); logistic IC 0.099, nn_rel 0.054 - neither beats the one-line rule; no simple rule exceeds AUC 0.524 on close",,,real 1h direction information exists (10-17 point decile spread) but its net P&L after 0.08% round trip is not positive,"R1: round-trip cost <= gross per-period edge (gross not recorded here; measure it first) | R2: a selective filter raising per-trade edge above cost, pre-registered",closed-unverified-cause,
F-0037,docs/research/hourly_1h.md (section 5),2026-09-30,"1h low-entry limit bracket: 945 combos (9 entries a*pred or offset 0-0.3%, TP b, 5 stop types, 7 direction sources incl. random, always-buy, always-sell) plus buy/sell offset sweeps on all coins",limit-order-entry;mean-reversion,1h,pnl,rule;gbm;nig-timenet,81 coins,"selection on val 2025-06..2025-11, test 2025-11-22..2026-09","maker 0.02% entry/TP, taker 0.05% stop/exit + 0.02% stop slippage; LB (stop counted if touched, TP not counted if order unknown) and UB bounds",economics,net P&L under intrabar-order lower bound,"best on val (-RSI, a=1, b=0.5, no stop): fill 49%, win 48.4% vs 51.8% breakeven, net -0.035%/trade (gross +0.035%), per-period -0.018% t=-3.6, 1 of 11 months positive; no combo reaches t>2 on val; controls: random direction t=-6.0, always-buy -4.9, inverted -RSI -9.4 (gross t=-2.2). UB gives t=+19..+23 even with RANDOM direction. Offset sweep: fill 96%->52%, adverse-selection gap -0.04..+0.02%, all results negative t -4.9..-11",the apparent upper-bound edge is intrabar ordering (random direction reproduces it); the lower bound is net negative and the direction model adds nothing over range prediction,random-direction control gives the same UB t (+19..+23) as the model; inverted direction is also negative before fees,"at 1h bars without intrabar path, fill order cannot be resolved and any limit-bracket result sits between LB<0 and UB inflated by ordering; the model contributes no direction value above range prediction","R1: intrabar path data (15m or finer) resolving ordering, with LB gross edge > fees (history_15m was inaccessible then) | R2: maker rebate or round trip <= 2 bp",closed,
F-0038,"docs/research/hourly_1h.md (section 5, grid/hedge row)",2026-09-30,"1h grid (N=3/5) and two-order hedge at the predicted range boundaries, with and without a regime filter",grid-hedge;range-fade,1h,pnl,rule;nig-timenet,81 coins,test 2025-11-22..2026-09,maker 0.02% / taker 0.05% + slippage,data,gross P&L before fees,"90 combos: gross itself negative, t -20..-36, 0 of 11 months positive; model bounds slightly less bad than prior-volatility bounds (-0.048% vs -0.058%/period); upper bound also negative (t=-12)",,,orders at the predicted range edge select breakout cases (same pattern as the 5m H16/H23 results); gross is negative before fees,R1: an information source that makes range edges asymmetric (order-book depth/liquidation) shown with gross > 0 on the UB and LB | R2: maker round trip <= 2 bp is not sufficient (gross is negative),closed-unverified-cause,
F-0039,docs/research/hourly_1h.md (section 6),2026-09-30,"Selective 1h direction: logistic close model, conditions mined with detect_success_failure_patterns (tree on val) plus confidence thresholds and high/low head agreement, 18 candidates Bonferroni",selective-direction;mean-reversion,1h,direction;pnl,logistic;decision-tree,81 coins (2 dropped by the coin filter),"discovery val 2025-06..2025-11 (9k samples), single test 2025-11-22..2026-09",0.08% round trip,generalization,val->test collapse of mined conditions,"top 50% confidence: acc 54.5% vs majority 53.4%, corrected p=0.35, net -0.064%/trade (t=-4.0); top 5%: 55.9% vs 51.4%, p=0.08; top 5% with head agreement: 57.6% vs 53.0% on 66 trades, p=1.0, net +0.20% (t=1.7, 7/10 months); tree leaves that scored 59% on val fell to the majority level (53.9% vs 53.8%, net -0.090%) on test; nothing near 70%",,,"conditions were mined on a single 9k-sample val with 18 candidates; effective sample size per condition, feature-count sweep and learning curve were not recorded",R1: conditions restricted to <= k features chosen on train/val with effective samples per condition >= N and a learning curve | R2: capacity sweep not yet run (see RESEARCH_RULES 2.1),closed-unverified-cause,
F-0040,"docs/research/hourly_1h.md (section 4, non-panel rows)",2026-09-30,1h range asymmetry (predicted up-excursion minus down-excursion) from LightGBM/main as a direction signal; high/low breach labels,path-envelope;mean-reversion,1h,direction;high-low,gbm;nig-timenet,81 coins,test 2025-11-22..2026-09-26,n/a (IC/AUC),generalization,val->test collapse of LightGBM asymmetry IC,"high/low breach AUC: one-line last-candle-wick rule 0.758/0.776, LightGBM volatility-only 0.586/0.615, LightGBM all last-step features 0.788/0.811, main(return) 0.683/0.695; >1% move AUC 0.743 (vol-only) vs 0.744 (all). Direction via variance asymmetry: IC with return LightGBM-all -0.004 (t=-0.4) on test (val was 0.051), vol-only 0.012 (1.5); main single-coin IC 0.024 (t=2.6), decile up-share 45.0->49.6, 4.6 points <5 threshold. Panel A_ic/B_ic rows of this section are INVALIDATED (leak) and excluded",,,high/low AUC ~0.8 is last-candle wick mechanics plus volatility; the up-down asymmetry carries < 5 points of direction spread; LightGBM-all val->test collapse unexplained,"R1: feature-count sweep k=1,3,5,10 and learning curve for the LightGBM asymmetry model (val 0.051 -> test -0.004 not diagnosed) | R2: aligned stride-8 rerun of the invalidated panel rows",closed-unverified-cause,
F-0041,"research/edge_discovery H01 (hypothesis_log.csv, REPORT.md, screen_disc_mean.csv)",2026-10-01,"Cross-sectional rank: high-volatility / recently pumped coins underperform (hourly rank IC, 156 tests)",cross-sectional;mean-reversion,1h,return,ic-screen,"195 Binance USDT-M perps with hourly metrics (incl. later-delisted), tradable = OI >= $10M",DISC 2024-01..2025-03,"0.12% RT top-50, 0.20% others, entry 1h after signal, 2x stress",data,mean return of the 'losers' vs rank IC,"|t|>7 rank IC in 5/5 quarters on DISC, but mean returns of the 'losers' are higher than of the 'winners' (right skew); validation not run (failed the mean test)","rank IC reflects median ordering; coin returns are right-skewed, so shorting the 'losers' sells the right tail","mean-return screen (screen_disc_mean.csv) vs rank-IC screen on the same DISC data: strong rank IC, mean of the losers higher","hourly crypto returns are right-skewed: rank IC, accuracy and win rate can be strong while mean net return <= 0; claims must be judged on mean net P&L and tails",R1: a construction that does not sell the right tail (capped loss / long side) with mean net > 0 on DISC and VAL | R2: an information source not derivable from the hourly OI/price/long-short metrics,closed,
F-0042,"research/edge_discovery H02, H08 (hypothesis_log.csv)",2026-10-01,"Single-feature screens of 46 price/positioning features: cross-sectional quintile long-short net of costs (H=24/72h, 136 tests) and pooled time-series predictability of own features (93 tests)",cross-sectional;momentum;mean-reversion;positioning;open-interest,1h,return,ic-screen;regression,"195 Binance USDT-M perps with hourly metrics (incl. later-delisted), tradable = OI >= $10M (top-50 for H08)",DISC 2024-01..2025-03,"0.12% RT top-50, 0.20% others, entry 1h after signal, 2x stress",data,max |t| vs multiple-testing noise level,H02 max |t|=2.5 which is the noise level for 136 tests; H08 pooled z*y max |t|=2.7 (noise level for 93 tests); no feature reached the pre-registered DISC |t|>3 criterion,,,no single price/OI/positioning-derived feature of the hourly 195-coin panel exceeds multiple-testing noise on mean net return at H=24/72h; single-feature screens only,"R1: an information source not derivable from the hourly OI/price/long-short-ratio metrics | R2: multi-feature model with feature-count sweep k=1,3,5,10, learning curve and effective sample size (not run)",closed-unverified-cause,
F-0043,"research/edge_discovery H03, H11 (hypothesis_log.csv, REPORT.md)",2026-10-01,Retail long/short account ratio as a contrarian signal: cross-sectional FMB multivariate (H03) and aggregate retail positioning extremes -> market (H11),positioning;cross-sectional,1h,return,regression;ic-screen,"195 Binance USDT-M perps with hourly metrics (incl. later-delisted), tradable = OI >= $10M","DISC 2024-01..2025-03, VAL 2025-04..2025-12","0.12% RT top-50, 0.20% others, entry 1h after signal, 2x stress",data,sign after volatility/reversal controls; aggregate correlation,H03: sign flips once volatility and reversal are controlled (redundant); H11: correlation ~0 in both DISC and VAL. Report: Binance top-trader ratios have no predictive value either,,,retail L/S ratios add nothing beyond volatility/reversal controls at 1h in 2024-2026,"R1: positioning data with a different construction (e.g. liquidation-weighted, per-venue) not derivable from Binance account ratios",closed-unverified-cause,
F-0044,research/edge_discovery H04 (hypothesis_log.csv),2026-10-01,"Per-coin event studies: crash/pump +- OI flush, retail/smart extremes, taker extremes, 30d breakouts (216 tests)",event-study;mean-reversion;momentum;open-interest;positioning,1h,return,event-study,"195 Binance USDT-M perps with hourly metrics (incl. later-delisted), tradable = OI >= $10M",DISC 2024-01..2025-03,"0.12% RT top-50, 0.20% others, entry 1h after signal, 2x stress",data,day-clustered t-statistics,"large raw event means, but day-clustered |t|<4.4 and mostly <2 across 216 tests","per-coin event means are driven by a few market-wide days (clustered events, few independent days)",re-estimating the same 216 event statistics with day-clustered standard errors collapses the t-stats,per-coin crash/pump/positioning events are not independent: the effective number of independent days is small,"R1: event definition that is idiosyncratic (market-wide days excluded or market-neutralized) with day-clustered |t| > 3 | R2: aggregate (market-level) version, tested separately in the H05 row",closed,
F-0045,"research/edge_discovery H05 (hypothesis_log.csv, REPORT.md)",2026-10-01,Market-wide crash hour plus aggregate OI flush -> 12h rebound,event-study;mean-reversion;open-interest;regime-filter,1h,return,event-study,EW top-50 + OI-weighted contract change,"DISC 2024-01..2025-03, VAL 2025","0.12% RT top-50, 0.20% others, entry 1h after signal, 2x stress",generalization,VAL / 2025 deep-flush events,"DISC: OI < -2% flush +377bp/12h, win 73%, n=15, t=2.7, monotonic dose-response; 2025 deep-flush events mean ~ -60bp/12h (mixed)",,,"n=15 independent DISC events; the DISC effect coincided with a bull-market year (interpreted as dip-buying, not tested)",R1: trend-conditioned version (long only in up-trend) pre-registered and judged once on data not yet used (the 2026 HOLDOUT is consumed) | R2: >= 60 independent flush events,closed-unverified-cause,
F-0046,"research/edge_discovery H06 (hypothesis_log.csv, REPORT.md, Addendum B)",2026-10-01,Hour-of-day seasonality BTC/ETH: long 20:00->22:00 UTC (hourly returns stamped 21h/22h),seasonality,1h,return,rule,"BTC, ETH hourly price proxy","DISC 2024-01..2025-03, VAL, HOLDOUT 2026 (descriptive single look)",maker 0.04% RT / taker 0.12% RT,generalization,HOLDOUT 2026,"BTC 21h+22h ~+8bp/day in DISC; VAL ~+9bp/day (t~2.5, never reached the pre-registered DISC |t|>3 / VAL t>2); HOLDOUT 2026: BTC -0.6bp (t=-0.18), ETH +2.6bp (t=0.47), taker net -9..-13bp",,,gross HOLDOUT 2026 mean ~0 for BTC/ETH at 21-22 UTC; the effect never met the formal acceptance criteria,R1: frozen 21-23 UTC rule re-tested on a never-used longer history (hourly BTC/ETH 2018-2023) with gross > 4bp maker RT,closed-unverified-cause,
F-0047,research/edge_discovery H09 (hypothesis_log.csv),2026-10-01,BTC -> alt 1h lead-lag (regression),lead-lag,1h,return,regression,"195 Binance USDT-M perps with hourly metrics (incl. later-delisted), tradable = OI >= $10M","DISC, VAL","0.12% RT top-50, 0.20% others, entry 1h after signal, 2x stress",data,sign across DISC/VAL,"DISC t=-0.8, VAL t=+2.1 (sign flip)",,,no stable 1h lead-lag from BTC returns to alt returns in 2024-2025,R1: lead-lag measured at finer resolution (<= 5m) with maker-feasible execution (different information resolution than the 1h lag tested),closed-unverified-cause,
F-0048,"research/edge_discovery H10 (hypothesis_log.csv, REPORT.md)",2026-10-01,Failed breakout short: short 6h after a 7-day-high break,breakout;mean-reversion;event-study,1h,return,event-study,"195 Binance USDT-M perps with hourly metrics (incl. later-delisted), tradable = OI >= $10M","DISC, VAL","0.12% RT top-50, 0.20% others, entry 1h after signal, 2x stress",data,mean return vs win rate,win rate 56-59% but mean ~0 in both DISC and VAL (shorting the right tail; classic high-accuracy/negative-skew trap),,,win rate and accuracy do not imply positive mean in right-skewed returns,R1: capped-loss construction (stop) with mean net > 0 on DISC and VAL,closed-unverified-cause,
F-0049,"research/edge_discovery H12 (hypothesis_log.csv, REPORT.md, Addenda A, A.1, A.2, B)",2026-10-01,"Post-listing drift: short new perps (hedged long BTC) at listing+24h, exits +7/+30/+60d with optional 50%/100% stop",listing-drift,1d,return,event-study,"~490 listings 2024-01..2026-06 (TradFi perps excluded; n=180 DISC, 188 VAL)","DISC to 2025-03-31, VAL to 2025-12-31 (HOLDOUT not spent)",0.30% RT; funding NOT modelled,generalization,VAL mean,DISC full data: no-stop H60 mean +27% t=1.1; best config H60/S0.5 mean +17.3% t=2.74; VAL n=188 H60/S0.5 mean -2.4% t=-0.53; no-stop H30 mean -9.8% (one listing -3400%); median still +26-37% (win 72-84%) but mean ~0 (COAIUSDT +4600%/30d); interim t=3.3 was an alphabetically partial sample artifact,,,median short return is large and positive but the mean is dominated by right-tail listings; price-only result without funding,R1: funding history of the listed perps showing the short carry changes the net sign | R2: a right-tail cap/hedge rule pre-registered and tested on an independent listing sample (post-2026-09 listings),closed-unverified-cause,
F-0050,"research/edge_discovery H13 (hypothesis_log.csv, Addendum C, 18_h13_pr7_signal.py)",2026-10-01,PR #7 relative-direction signal (logistic on its features) as a daily decile long/short,cross-sectional,1d,relative-direction;pnl,logistic,CoinMetrics 44 assets daily,"fit <= 2023-06-28, frozen; test 2024-07..2026-05","0.12% RT on turnover, 2x stress",economics,net daily P&L,"AUC 0.533 (replicates PR #7) but net +18bp/day t=1.03, maxDD -79%, turnover 2.3/day; 2x cost ~0; q=0.2 t=0.86 (pre-registered pass needed t>2)",,,AUC ~0.53 on relative direction does not survive 0.12% RT at ~230% daily turnover,R1: cost-aware construction (turnover cap/hysteresis) with net t > 2 on a pre-registered test,closed-unverified-cause,
F-0051,"research/edge_discovery H14 (hypothesis_log.csv, REPORT.md)",2026-10-01,Copy Hyperliquid top-all-time-PnL traders' net books with 1/2/6/24h delay,copy-trading;positioning,1h,pnl,rule,"19 accounts, 1131 hourly snapshots 2026-06..10, 67k fills (kushagra93/hl-top-traders)",~4 months,"exploratory, no holdout",data,copyability of positions,"active accounts are market makers (maker 60-99%), 4-month closedPnl ~0; books net short 99% of hours (spot hedges); copy Sharpe -2.5 at all lags, per trader -1.6..-2.5; flow t=0.93; market-neutral tilt Sharpe 2.2 but t=1.26 (118 days) not significant",,,"selected accounts are survivorship-selected; visible positions are hedges/market-making inventory, not directional views",R1: >= 12 months of snapshots to re-test the market-neutral tilt (per the log) | R2: account selection not conditioned on all-time PnL,closed-unverified-cause,
F-0052,"research/edge_discovery H15 (hypothesis_log.csv, REPORT.md, Addendum D)",2026-10-01,"On-chain and stablecoin liquidity signals for 30d BTC/ETH: MVRV, exchange flows, exchange supply trend, hash ribbon, stablecoin growth, network activity",onchain,1d,return,ic-screen;rule,CoinMetrics community daily 2013-2026 (+usdt/usdc/dai/busd supply),"DISC <=2019, VAL 2020-2022, HOLD 2023-2026",0.12% RT,generalization,VAL and HOLD sign,only S3 exchange-supply trend t=3.45 on DISC (theorised sign); VAL t=0.66 (Sharpe 0.86 vs 0.76) then HOLD reversed t=-1.13 (Sharpe 0.91 vs 1.19); S5 stablecoin growth VAL t=2.11 then HOLD reversed; others |t|<2; ETH nothing; Bonferroni family t>2.64,,,pre-2020 relationships decayed after 2020 (decay attributed untested to wide adoption of on-chain metrics and ETF/custody changes),R1: custody/ETF-adjusted exchange-balance data (not in CoinMetrics community daily) | R2: on-chain signal not publicly followed (entity-level data) tested pre-registered,closed-unverified-cause,
F-0053,"research/edge_discovery H16 (hypothesis_log.csv, REPORT.md, Addendum E)",2026-10-01,"Owner's previous-candle range fade: sell limit at prev high / buy limit at prev low, TP at the opposite end; 5 risk variants V0-V4",range-fade;limit-order-entry,1h;4h;1d,pnl,rule,"Binance spot BTC/ETH/SOL (github Speirsy11/crypto-dataset), 5m path for fills","2017-08..2026-09 (DISC 2017-08..2021-12, VAL 2022-23, HOLD 2024-26)","maker 0.02% limits, taker 0.05%+0.02% slip stops; fill needs 2bp trade-through, SL first on ambiguity",data,gross expectancy before costs,"V0-V2 (no stop): 100% of CLOSED trades win but open losers pile up (V0 1h -14,000 position-units, 886 open; V2 -900 units); V3/V4 (stop+time, ER filter): win 46-48%, -11 to -44 bp/trade, PF 0.79-0.90, all t<0; VAL/HOLD -10 to -30 bp/trade, 1h t=-18..-25; optimistic bound (zero cost, touch=fill, same-bar TP) ~0 bp (-5..+1), HOLD negative",no gross edge: prior-candle extremes behave like coin flips; no-stop variants hide losses in open positions,zero-cost optimistic bound ~0 bp on all periods; open-vs-closed trade accounting of V0 shows the 100% win rate is an artifact,optimistic gross expectancy of fading prev-candle extremes is <= ~1 bp at 1h/4h/1d on BTC/ETH/SOL; no-stop win rates are accounting artifacts,"R1: an information source making candle extremes asymmetric (order-book/liquidation) shown with optimistic-bound gross > 5 bp | R2: fills with negative-fee rebate AND gross > 0 (gross is ~0, fees are not the cause)",closed,
F-0054,"research/edge_discovery H17 (hypothesis_log.csv, REPORT.md, Addendum F, 22_chart_rules.py, 23_chart_rules_gross.py)",2026-10-01,"Chart-reading setups (engulfing, pin bar, sweep, Donchian, compression, inside bar, trend pullback, capitulation, exhaustion, London breakout) x 2 directions x 5 HTF filters x TP 1-3R, 600 configs",chart-pattern;breakout;mean-reversion;trend-following,15m;1h,pnl,rule,"Binance spot BTC/ETH/SOL, exits on 5m path",2017-08..2026-09 (DISC 2017-08..2021-12),"taker 0.05%+0.02% slip, TP maker 0.02%; round trip 0.21-0.38R at 15m, 0.10-0.18R at 1h (stop=1 ATR)",economics,net expectancy per trade (Bonferroni t>3.9),0 of 600 pass; best DISC t=1.79 (noise level); median -0.23R/trade; only P7 trend pullback has a small positive GROSS edge (+0.03..+0.05R) in all periods,"gross edge of every setup is below the round-trip cost expressed in R (0.21-0.38R at 15m, 0.10-0.18R at 1h)","zero-cost (gross) expectancy by setup in 23_chart_rules_gross.py: only P7 positive in all three periods (+0.03..+0.05R), still < cost","at 15m/1h with 1-ATR stops, classic setups have gross expectancy < 0.05R vs cost >= 0.10R",R1: round-trip cost <= 0.03R at the signal timeframe | R2: a conditioning variable not derivable from OHLCV that lifts gross expectancy > 0.2R at 15m,closed,
F-0055,"research/edge_discovery H18 (hypothesis_log.csv, REPORT.md, Addendum G/G.1/G.2)",2026-10-01,"Maker-entry trend pullback: limit at EMA20 in an EMA20/50 trend, scaling up to 3 positions, stop k*ATR, target m*k*ATR (24 configs)",trend-following;limit-order-entry;mean-reversion,15m;1h,pnl,rule,7 untouched coins ADA/BCH/BNB/DOGE/TRX/XRP/ZEC (5m path),"2017..2026 (eras 2018-21, 2022-23, 2024-26)","maker 0.02% entry/TP, stop/time taker 0.05%+0.02% slip",generalization,era split 2022-2026,"best 1h k=3 m=3: +0.036R/trade t=1.9, 7/7 coins positive (needed t>3.0); 2018-21 +0.10R t=3.4, 2022-23 -0.01R, 2024-26 0.00R; 15m all negative (costs); first run had a marketable-limit bug (kept as pullback_maker_untouched_BUGGY_v1.csv)",,,edge existed in 2018-21 and is ~0 since 2022 on 1h; 15m costs exceed gross,R1: fresh data showing 1h pullback gross edge >= +0.10R again in a pre-registered era | R2: round trip <= 0.03R at 15m,closed-unverified-cause,
F-0056,"research/edge_discovery H20 (hypothesis_log.csv, REPORT.md, Addendum I, 27_repr_info.py, 28_token_decompose.py)",2026-10-01,"Step-1 information test: 9-level symbolic tokens (trigram), causal Haar wavelet features, recurrence-plot RQA incl. directional analog feature vs a multi-horizon return/vol/volume baseline",representation,1h;4h,direction,logistic,10 coins Binance spot,"train <=2021, val 2022, test 2023-01..2026-09",0.14% RT (H19 rule),data,incremental test AUC over baseline B in both timeframes,"no representation qualifies (needs +0.005 AUC in both TFs, >=7/10 coins, better net P&L): wavelet 1h +0.0064 (7/10 coins; net +2.6bp but still -6.9bp) / 4h -0.003; RQA ~0 (+0.000/-0.000); tokens -0.001 (1h) / -0.008 (4h). Token next-token cross-entropy 1h -0.56% (passes 0.5%) but decomposed: magnitude tokens 1.41% (1h)/0.97% (4h), sign tokens 0.12%/0.07% - the 'language' is volatility clustering, not direction",,,"direction AUC gain over the baseline from tokens/wavelet/RQA is <= +0.0064; next-token predictability is volatility clustering (magnitude), not direction. Effective sample size vs feature count, feature-count sweep and learning curve not recorded","R1: a representation fed by information not derivable from OHLCV | R2: capacity controls run (effective samples, k-sweep, learning curve) on the combined B+T+W+R set | R3: use magnitude predictability for sizing/when-to-trade (not a direction claim)",closed-unverified-cause,
F-0057,"research/edge_discovery H21 (hypothesis_log.csv, REPORT.md, Addendum J, 29_path_envelope.py)",2026-10-01,"Owner's 4-output path envelope (max up U, max down Dn, close-from-low CL, close-from-high CH in ATR units; HistGBR per target) driving TP/SL trades by asymmetry",path-envelope,1h;4h,magnitude;direction;pnl,gbm,"10 coins Binance spot, trades on 5m path","train <=2021, val 2022, test 2023-01..2026-09","taker 0.07% entry/stop, maker 0.02% TP",data,directional skill of the asymmetry vs close return,"magnitude outputs predictable: Spearman 0.13-0.19 vs realised (U 0.148/0.145, Dn 0.130/0.149, CL 0.187/0.183, CH 0.162/0.182 at 1h/4h), R2 vs symmetric-vol +0.015..0.03; asymmetry Spearman 0.045/0.040 vs realised U+Dn but 0.000/-0.009 vs close return; trades 1h -9.5 bp t=-6.5, 4h -0.7 bp t=-0.19 (4/10 coins; 2023-24 -3.5, 2025-26 +2.5)",,,"envelope size is predictable from OHLCV features while direction is not (asymmetry carries no close-direction skill); effective sample size, feature-count sweep and learning curve not recorded","R1: envelope used for sizing/TP placement on top of an external direction source (e.g. the H07 trend filter) | R2: capacity controls run for the direction part (k-sweep k=1,3,5,10, learning curve)",closed-unverified-cause,
F-0058,"research/edge_discovery H22 (hypothesis_log.csv, REPORT.md, Addendum K, 30_envelope_direction.py)",2026-10-01,"Direction inferred arithmetically from the 4 envelope outputs: implied closes R1=Dn+CL and R2=U+CH, their mean and their agreement",path-envelope,1h;4h,direction;pnl,gbm;rule,10 coins Binance spot,"train <=2021, test 2023-01..2026-09","taker 0.07% / maker 0.02% TP, 5m path",data,Spearman of implied close vs realised return,"implied-close Spearman vs realised return 0.014/0.002 (1h/4h) for the mean, 0.015/0.005 on agreement; R1 vs R2 correlation 0.77 (not independent); trades: 4h S +1.3 bp (t=0.38); 4h S|agree +2.1 bp (t=0.59, 5/10 coins, 2023-24 +0.2, 2025-26 +4.3; positive, not significant); 1h all -8..-11 bp",arithmetic on model outputs cannot create direction information absent from the inputs; the two implied closes are built from the same inputs,implied closes correlate 0.77 with each other and 0.002-0.015 with realised return; agreement filter adds no skill,any deterministic function of the 4 envelope outputs has ~0 direction skill when the outputs carry only magnitude,R1: envelope outputs fed with direction-bearing inputs (an external direction source) | R2: 4h agree-variant paper-trade on future data as monitoring only,closed,
F-0059,"research/edge_discovery H22 (hypothesis_log.csv, REPORT.md, Addendum K)",2026-10-01,"Stage-2 stacking: logistic on [U,Dn,CL,CH,R1,R2,U+Dn] + entry-candle details fitted on validation 2022 only",path-envelope;candle-structure,1h;4h,direction;pnl,logistic,10 coins Binance spot,fit on 2022 only; test 2023-01..2026-09,"taker 0.07% / maker 0.02% TP, 5m path",generalization,2022-fitted stage-2 on test,"stage-2 AUC 0.510/0.509 (1h/4h); trades 4h stage-2 -16 bp, 1h -8..-11 bp; report note: it 'memorized 2022'",,,"stage-2 was fitted on a single year (2022) with ~13 features; effective sample size, feature-count sweep and learning curve not recorded",R1: stage-2 with <= k features chosen on train/val and effective samples per feature >= N | R2: capacity sweep and learning curve not yet run,closed-unverified-cause,
F-0060,"research/edge_discovery H23 (hypothesis_log.csv, REPORT.md, Addendum L, 31_wick_capture.py)",2026-10-01,"Owner's wick capture: sell limit at predicted high / buy limit at predicted low of the current candle (quantile GBM q 0.3/0.5/0.7), exit at candle close",range-fade;limit-order-entry,15m;1h;4h,pnl,gbm;rule,10 coins Binance spot,"train <=2021, val 2022, test 2023-01..2026-09","maker 0.02% entry, taker 0.05%+0.02% exit (0.09% RT), 2bp trade-through",data,gross P&L per filled trade,"GROSS per filled trade negative everywhere: 4h -0.8..-1.8 bp, 1h -2.6..-3.3, 15m -2.9..-3.2; net -10..-12 bp, t -9..-240, 0/10 coins; model levels ~ ATR-band baseline (no added value)",adverse selection: a limit at the extreme fills mostly on momentum candles and the close lands beyond the level,"reverse trade at the same levels (H23-R) has gross ~+1 bp, i.e. fade and breakout gross sum ~ -2x slippage; fills conditioned on touch show close beyond the level on average",gross P&L of fading predicted candle extremes is negative at 15m/1h/4h; ATR bands do as well as the model,"R1: a pre-fill signal not derivable from OHLCV that separates exhaustion from momentum touches, shown with gross > 0 | R2: a rebate-based negative-fee venue is not sufficient (gross is negative)",closed,
F-0061,"research/edge_discovery H23-R (hypothesis_log.csv, REPORT.md, Addendum L.1, 32_breakout_stops.py)",2026-10-01,"Reverse of wick capture: BUY stop at predicted high / SELL stop at predicted low, exit at close (breakout)",breakout;limit-order-entry,15m;1h;4h,pnl,gbm;rule,10 coins Binance spot,test 2023-01..2026-09,"taker stops with 2bp slippage, 0.14% RT",economics,net P&L; gross ~ +1 bp vs 9-14 bp cost,"GROSS 15m +0.9..+1.2 bp, 1h +0.6..+1.3, 4h -0.1..-1.2; net -12.7..-15.2 bp, 0/10 coins, t -11..-279","at candle extremes the market is a fair coin: fade and breakout gross sum ~ -2x slippage, so either side pays the cost without an edge",paired fade (H23) and breakout (H23-R) runs on identical levels: gross -1..-3 bp vs +~1 bp,"breakout at predicted candle extremes has gross <= ~1.3 bp (15m/1h), < cost 12-15 bp",R1: round trip <= 1 bp and a pre-fill signal that lifts gross above cost | R2: an information source not derivable from OHLCV,closed,
F-0062,"research/edge_discovery H24 (hypothesis_log.csv, REPORT.md, Addendum M, 33_regime_filters.py)",2026-10-03,"ADX / NATR-percentile / ATR-ratio regime filters (plus theory combos) on wick-capture fade and breakout trades, 84 configs",regime-filter;range-fade;breakout,15m;1h;4h,pnl,gbm;rule,10 coins Binance spot,"select on 2022 validation, confirm on 2023-01..2026-09","fade 0.09% RT, breakout 0.14% RT",economics,selection on 2022 and confirmation on 2023-26,"0 of 84 selected on 2022 (net>0 and t>2); best on 2022: 4h fade + ATR expanding +16.6 bp (t 1.86), + NATR high +13.5 bp (t 1.75); on 2023-26 the same configs -5.9 / -6.3 bp, 1/10 coins; theory combos worse than no filter",,,"ADX/NATR/ATR filters measure past move size/trend strength, not which side fills profitably; high-volatility filters help the fade only because cost is a smaller share of a bigger candle (stated, not separately tested)",R1: a filter that conditions on the fill-side outcome (a pre-fill signal not derivable from OHLCV) | R2: cost per trade <= 1 bp,closed-unverified-cause,
F-0063,"research/edge_discovery H19 (Addendum H, 25_image_cnn.py, image_cnn_results.csv)",2026-10-05,"Chart-image CNN (JKX style: 48x96 px OHLC + EMA20 + volume, 32-bar window) predicting direction over the next 8 (1h) / 6 (4h) bars, with sample filters C0 none, C1 ATR14/ATR100>1.2, C2 |EMA20-EMA50|>1.5 ATR14, C3 volume spike; top/bottom 20% of val p traded",representation;chart-pattern;regime-filter,1h;4h,direction,cnn;logistic,10 coins Binance spot (BTC ETH SOL ADA BCH BNB DOGE TRX XRP ZEC),"train <=2021, val 2022, test 2023-01..2026-09",0.07%/side taker (14bp RT); maker 4bp RT descriptive,economics,"gross edge per trade vs round-trip cost, all 8 configs","net < 0 in 8/8 configs (best 1h C1 CNN -4.3bp, t -0.95, 2/10 coins); max gross +9.7bp; maker-cost best +5.7bp t<1; test AUC 0.495-0.545; CNN beats the logistic baseline on the same normalized window in 4/8 only","the 32-bar OHLCV window carries at most ~0.53 AUC of next-8-bar direction, worth less than the 14bp round-trip cost; the image representation adds no information over the same window as numbers","logistic regression on the identical normalized window values, same samples/splits: same AUC (0.51-0.53) and net within noise of the CNN in every config; zero-skill check via the filters: C2 negative even before costs",gross per trade < 14bp RT in every TF x filter; direction AUC <= 0.545 from any rendering of a 32-bar OHLCV window; image vs numeric window equal within noise,R1: maker round trip <= 4bp with a pre-registered maker-fill model (maker_net was positive but t<1) | R2: inputs carrying information not derivable from the OHLCV window (funding/OI/order book/cross-asset) rendered or concatenated with the image | R3: a pre-registered horizon/target where gross on val exceeds 2x cost,closed,
F-0064,"research/h07_volsizing E-h07vs-1 (01_volsizing.py, volsizing_results.csv)",2026-10-05,"ML (HistGradientBoosting) and HAR-RV next-day realized-volatility forecasts (5m RV features) replacing the trailing 30-day std in H07 position sizing (weight 0.02/sigma, cap 3)",volatility-structure;trend-following,1d,magnitude,gbm;regression,"BTC, ETH Binance spot","train 2018-2021, val 2022-2023, test 2024-01..2026-09",0.06%/side,economics,"sizing rule (forecast -> weight), not the forecast","VAL Sharpe trail30 0.908 vs har 0.720 [dSharpe CI -0.44,+0.09] vs gbm 0.627 [-0.57,+0.05]; maxDD -24% vs -29%/-27%; TEST agrees (0.87 / 0.86 / 0.76); forecast QLIKE better for gbm (BTC 0.41 vs 0.62, ETH 0.31 vs 0.62)","trend returns on held days rise with that day's volatility, so accurate next-day vol targeting cuts exposure on the days that pay","VAL decomposition: gross Sharpe also lower (0.96 / 0.82 / 0.74) while turnover only doubles; gbm lowest-weight (highest predicted vol) tercile +38 bp/day vs +15 bp highest-weight; corr(weight, next-day return) +0.049 trail30 vs -0.006 gbm",better next-day vol forecasts (QLIKE) do not translate into better H07 Sharpe; continuous inverse-forecast-vol sizing lowers exposure on high-return volatile trend days,R1: a pre-registered sizing rule that uses the forecast without cutting exposure on predicted-high-vol trend days (e.g. only as a crash filter: extreme predicted vol AND trend off) | R2: a horizon matching the trend signal (multi-week vol forecast) instead of next-day,closed,
F-0065,"research/h07_combos E-h07comb-1 (01_combos.py, combos_results.csv)",2026-10-05,"Extensions of the frozen H07 trend filter: V1 multi-speed ensemble (10/20/30/60d), V2 fast exit (30d AND 10d), V3 same rule on 10 coins, V4 ensemble on 10 coins",trend-following,1d,pnl,rule,BTC ETH SOL ADA BCH BNB DOGE TRX XRP ZEC (Binance spot),"val 2018-2023, test 2024-01..2026-09",0.06%/side,power,"Sharpe difference vs H07 on val (block bootstrap, Bonferroni 4 variants)","VAL Sharpe V0 1.39; V1 1.38 [dCI -0.33,+0.29]; V2 1.43 [-0.34,+0.43]; V3 1.51 [-0.56,+0.86]; V4 1.40 [-0.63,+0.77]; TEST (descriptive) V0 0.89, V3 1.23, V4 1.44, maxDD -31% vs -19%/-17%; mechanisms moved: give-back -16.9 -> -11.3/-12.1 bp/day, pairwise corr 0.35",the improvements are smaller than the sampling uncertainty of a Sharpe difference between two correlated daily trend strategies (+-0.3-0.8 over 6 years),"stationary block bootstrap (block 20, 2000 draws) of the paired daily Sharpe difference on VAL; Bonferroni 98.75% intervals all include 0","with ~6 years of daily data a Sharpe gain below ~0.5 cannot be separated from noise for these variants; the mechanisms (less lag, diversification) are present","R1: >= 12 months of forward paper trading of V3/V4 as shadow variants vs V0 (research/h07_forward), judged by the same paired bootstrap on the pooled VAL+forward period | R2: additional independent history (more coins or pre-2018 data) adding power",closed,
