coin,model,split,qlike,corr,kind,days,sharpe,ann_ret,ann_vol,maxdd,total,risk_target_err,dsharpe_lo,dsharpe_hi
BTC,har,val,0.6270666516093757,0.5833569798721641,forecast,,,,,,,,,
BTC,har,test,0.4423622035054549,0.45391445337081054,forecast,,,,,,,,,
BTC,gbm,val,0.6270936881637896,0.6043872539983781,forecast,,,,,,,,,
BTC,gbm,test,0.47768480736597374,0.48958527758441517,forecast,,,,,,,,,
BTC,trail30,val,0.6526295383845444,0.46297763357781574,forecast,,,,,,,,,
BTC,trail30,test,0.49493603426253674,0.33581829864633556,forecast,,,,,,,,,
ETH,har,val,0.48930974484581974,0.6891171896836229,forecast,,,,,,,,,
ETH,har,test,0.43749836097574624,0.4578169129104402,forecast,,,,,,,,,
ETH,gbm,val,0.44985712248996634,0.6499543573610874,forecast,,,,,,,,,
ETH,gbm,test,0.4435690807041219,0.4762919206891556,forecast,,,,,,,,,
ETH,trail30,val,0.6359301233421254,0.5675999999308458,forecast,,,,,,,,,
ETH,trail30,test,0.5253587048131685,0.24637680265173992,forecast,,,,,,,,,
,trail30,val,,,backtest,730.0,0.9082617392970013,0.26085058291185204,0.2871975903264972,-0.24426511814146545,0.5523736997709947,0.4157044402754922,,
,trail30,test,,,backtest,993.0,0.8736251282305683,0.24153252675822218,0.27647158827427476,-0.3058380530587076,0.7402287553521583,0.4082208312624445,,
,har,val,,,backtest,730.0,0.7659364395676198,0.2391690503340296,0.31225704637977963,-0.28382624213198526,0.46431914122560225,0.35169169698187525,-0.40275911663033903,0.14291994426083238
,har,test,,,backtest,993.0,0.8436740909418994,0.2641988800466027,0.31315277176716927,-0.30549978010887624,0.7995441848949807,0.342990314885255,-0.25498771275171295,0.21003757391328257
,gbm,val,,,backtest,730.0,0.7008772979577168,0.20998442438754578,0.29960226276328034,-0.2826524211956495,0.39167527377096634,0.3608984048910057,-0.5453756002714027,0.14068368003261156
,gbm,test,,,backtest,993.0,0.6417359812312957,0.19833116894010275,0.3090541511472766,-0.3283976154975331,0.5092087282953512,0.3579945307023609,-0.5240853599525951,0.11578455254800281
,buyhold_1x,val,,,benchmark,730.0,0.10149305378398782,0.06126974455588391,0.6036841170065395,-0.6829597616582306,-0.21663634727619874,,,
,buyhold_1x,test,,,benchmark,993.0,0.5660051871878337,0.31299714227562325,0.5529934165987642,-0.5991914404969494,0.5498722564844634,,,
